area,point,data_type,data_file_name
北海道(宗谷),宗谷岬,平均年,mea11001.txt
北海道(宗谷),宗谷岬,多照年,max11001.txt
北海道(宗谷),宗谷岬,寡照年,min11001.txt
北海道(宗谷),稚内,平均年,mea11016.txt
北海道(宗谷),稚内,多照年,max11016.txt
北海道(宗谷),稚内,寡照年,min11016.txt
北海道(宗谷),礼文,平均年,mea11046.txt
北海道(宗谷),礼文,多照年,max11046.txt
北海道(宗谷),礼文,寡照年,min11046.txt
北海道(宗谷),浜鬼志別,平均年,mea11076.txt
北海道(宗谷),浜鬼志別,多照年,max11076.txt
北海道(宗谷),浜鬼志別,寡照年,min11076.txt
北海道(宗谷),沼川,平均年,mea11121.txt
北海道(宗谷),沼川,多照年,max11121.txt
北海道(宗谷),沼川,寡照年,min11121.txt
北海道(宗谷),沓形,平均年,mea11151.txt
北海道(宗谷),沓形,多照年,max11151.txt
北海道(宗谷),沓形,寡照年,min11151.txt
北海道(宗谷),豊富,平均年,mea11176.txt
北海道(宗谷),豊富,多照年,max11176.txt
北海道(宗谷),豊富,寡照年,min11176.txt
北海道(宗谷),浜頓別,平均年,mea11206.txt
北海道(宗谷),浜頓別,多照年,max11206.txt
北海道(宗谷),浜頓別,寡照年,min11206.txt
北海道(宗谷),中頓別,平均年,mea11276.txt
北海道(宗谷),中頓別,多照年,max11276.txt
北海道(宗谷),中頓別,寡照年,min11276.txt
北海道(宗谷),北見枝幸,平均年,mea11291.txt
北海道(宗谷),北見枝幸,多照年,max11291.txt
北海道(宗谷),北見枝幸,寡照年,min11291.txt
北海道(宗谷),歌登,平均年,mea11316.txt
北海道(宗谷),歌登,多照年,max11316.txt
北海道(宗谷),歌登,寡照年,min11316.txt
北海道(上川),中川,平均年,mea12011.txt
北海道(上川),中川,多照年,max12011.txt
北海道(上川),中川,寡照年,min12011.txt
北海道(上川),音威子府,平均年,mea12041.txt
北海道(上川),音威子府,多照年,max12041.txt
北海道(上川),音威子府,寡照年,min12041.txt
北海道(上川),美深,平均年,mea12141.txt
北海道(上川),美深,多照年,max12141.txt
北海道(上川),美深,寡照年,min12141.txt
北海道(上川),名寄,平均年,mea12181.txt
北海道(上川),名寄,多照年,max12181.txt
北海道(上川),名寄,寡照年,min12181.txt
北海道(上川),下川,平均年,mea12231.txt
北海道(上川),下川,多照年,max12231.txt
北海道(上川),下川,寡照年,min12231.txt
北海道(上川),士別,平均年,mea12261.txt
北海道(上川),士別,多照年,max12261.txt
北海道(上川),士別,寡照年,min12261.txt
北海道(上川),朝日,平均年,mea12266.txt
北海道(上川),朝日,多照年,max12266.txt
北海道(上川),朝日,寡照年,min12266.txt
北海道(上川),和寒,平均年,mea12301.txt
北海道(上川),和寒,多照年,max12301.txt
北海道(上川),和寒,寡照年,min12301.txt
北海道(上川),江丹別,平均年,mea12386.txt
北海道(上川),江丹別,多照年,max12386.txt
北海道(上川),江丹別,寡照年,min12386.txt
北海道(上川),比布,平均年,mea12396.txt
北海道(上川),比布,多照年,max12396.txt
北海道(上川),比布,寡照年,min12396.txt
北海道(上川),上川,平均年,mea12411.txt
北海道(上川),上川,多照年,max12411.txt
北海道(上川),上川,寡照年,min12411.txt
北海道(上川),旭川,平均年,mea12442.txt
北海道(上川),旭川,多照年,max12442.txt
北海道(上川),旭川,寡照年,min12442.txt
北海道(上川),東川,平均年,mea12451.txt
北海道(上川),東川,多照年,max12451.txt
北海道(上川),東川,寡照年,min12451.txt
北海道(上川),志比内,平均年,mea12512.txt
北海道(上川),志比内,多照年,max12512.txt
北海道(上川),志比内,寡照年,min12512.txt
北海道(上川),美瑛,平均年,mea12551.txt
北海道(上川),美瑛,多照年,max12551.txt
北海道(上川),美瑛,寡照年,min12551.txt
北海道(上川),上富良野,平均年,mea12596.txt
北海道(上川),上富良野,多照年,max12596.txt
北海道(上川),上富良野,寡照年,min12596.txt
北海道(上川),富良野,平均年,mea12626.txt
北海道(上川),富良野,多照年,max12626.txt
北海道(上川),富良野,寡照年,min12626.txt
北海道(上川),麓郷,平均年,mea12632.txt
北海道(上川),麓郷,多照年,max12632.txt
北海道(上川),麓郷,寡照年,min12632.txt
北海道(上川),幾寅,平均年,mea12691.txt
北海道(上川),幾寅,多照年,max12691.txt
北海道(上川),幾寅,寡照年,min12691.txt
北海道(上川),占冠,平均年,mea12746.txt
北海道(上川),占冠,多照年,max12746.txt
北海道(上川),占冠,寡照年,min12746.txt
北海道(留萌),天塩,平均年,mea13061.txt
北海道(留萌),天塩,多照年,max13061.txt
北海道(留萌),天塩,寡照年,min13061.txt
北海道(留萌),遠別,平均年,mea13086.txt
北海道(留萌),遠別,多照年,max13086.txt
北海道(留萌),遠別,寡照年,min13086.txt
北海道(留萌),初山別,平均年,mea13121.txt
北海道(留萌),初山別,多照年,max13121.txt
北海道(留萌),初山別,寡照年,min13121.txt
北海道(留萌),焼尻,平均年,mea13146.txt
北海道(留萌),焼尻,多照年,max13146.txt
北海道(留萌),焼尻,寡照年,min13146.txt
北海道(留萌),羽幌,平均年,mea13181.txt
北海道(留萌),羽幌,多照年,max13181.txt
北海道(留萌),羽幌,寡照年,min13181.txt
北海道(留萌),達布,平均年,mea13261.txt
北海道(留萌),達布,多照年,max13261.txt
北海道(留萌),達布,寡照年,min13261.txt
北海道(留萌),留萌,平均年,mea13277.txt
北海道(留萌),留萌,多照年,max13277.txt
北海道(留萌),留萌,寡照年,min13277.txt
北海道(留萌),増毛,平均年,mea13311.txt
北海道(留萌),増毛,多照年,max13311.txt
北海道(留萌),増毛,寡照年,min13311.txt
北海道(留萌),幌糠,平均年,mea13321.txt
北海道(留萌),幌糠,多照年,max13321.txt
北海道(留萌),幌糠,寡照年,min13321.txt
北海道(石狩),浜益,平均年,mea14026.txt
北海道(石狩),浜益,多照年,max14026.txt
北海道(石狩),浜益,寡照年,min14026.txt
北海道(石狩),厚田,平均年,mea14071.txt
北海道(石狩),厚田,多照年,max14071.txt
北海道(石狩),厚田,寡照年,min14071.txt
北海道(石狩),新篠津,平均年,mea14101.txt
北海道(石狩),新篠津,多照年,max14101.txt
北海道(石狩),新篠津,寡照年,min14101.txt
北海道(石狩),山口,平均年,mea14116.txt
北海道(石狩),山口,多照年,max14116.txt
北海道(石狩),山口,寡照年,min14116.txt
北海道(石狩),石狩,平均年,mea14121.txt
北海道(石狩),石狩,多照年,max14121.txt
北海道(石狩),石狩,寡照年,min14121.txt
北海道(石狩),江別,平均年,mea14136.txt
北海道(石狩),江別,多照年,max14136.txt
北海道(石狩),江別,寡照年,min14136.txt
北海道(石狩),札幌,平均年,mea14163.txt
北海道(石狩),札幌,多照年,max14163.txt
北海道(石狩),札幌,寡照年,min14163.txt
北海道(石狩),恵庭島松,平均年,mea14206.txt
北海道(石狩),恵庭島松,多照年,max14206.txt
北海道(石狩),恵庭島松,寡照年,min14206.txt
北海道(石狩),支笏湖畔,平均年,mea14286.txt
北海道(石狩),支笏湖畔,多照年,max14286.txt
北海道(石狩),支笏湖畔,寡照年,min14286.txt
北海道(空知),朱鞠内,平均年,mea15041.txt
北海道(空知),朱鞠内,多照年,max15041.txt
北海道(空知),朱鞠内,寡照年,min15041.txt
北海道(空知),幌加内,平均年,mea15076.txt
北海道(空知),幌加内,多照年,max15076.txt
北海道(空知),幌加内,寡照年,min15076.txt
北海道(空知),石狩沼田,平均年,mea15116.txt
北海道(空知),石狩沼田,多照年,max15116.txt
北海道(空知),石狩沼田,寡照年,min15116.txt
北海道(空知),深川,平均年,mea15161.txt
北海道(空知),深川,多照年,max15161.txt
北海道(空知),深川,寡照年,min15161.txt
北海道(空知),空知吉野,平均年,mea15231.txt
北海道(空知),空知吉野,多照年,max15231.txt
北海道(空知),空知吉野,寡照年,min15231.txt
北海道(空知),滝川,平均年,mea15241.txt
北海道(空知),滝川,多照年,max15241.txt
北海道(空知),滝川,寡照年,min15241.txt
北海道(空知),芦別,平均年,mea15251.txt
北海道(空知),芦別,多照年,max15251.txt
北海道(空知),芦別,寡照年,min15251.txt
北海道(空知),月形,平均年,mea15311.txt
北海道(空知),月形,多照年,max15311.txt
北海道(空知),月形,寡照年,min15311.txt
北海道(空知),美唄,平均年,mea15321.txt
北海道(空知),美唄,多照年,max15321.txt
北海道(空知),美唄,寡照年,min15321.txt
北海道(空知),岩見沢,平均年,mea15356.txt
北海道(空知),岩見沢,多照年,max15356.txt
北海道(空知),岩見沢,寡照年,min15356.txt
北海道(空知),長沼,平均年,mea15431.txt
北海道(空知),長沼,多照年,max15431.txt
北海道(空知),長沼,寡照年,min15431.txt
北海道(空知),夕張,平均年,mea15442.txt
北海道(空知),夕張,多照年,max15442.txt
北海道(空知),夕張,寡照年,min15442.txt
北海道(後志),美国,平均年,mea16026.txt
北海道(後志),美国,多照年,max16026.txt
北海道(後志),美国,寡照年,min16026.txt
北海道(後志),神恵内,平均年,mea16061.txt
北海道(後志),神恵内,多照年,max16061.txt
北海道(後志),神恵内,寡照年,min16061.txt
北海道(後志),余市,平均年,mea16076.txt
北海道(後志),余市,多照年,max16076.txt
北海道(後志),余市,寡照年,min16076.txt
北海道(後志),小樽,平均年,mea16091.txt
北海道(後志),小樽,多照年,max16091.txt
北海道(後志),小樽,寡照年,min16091.txt
北海道(後志),共和,平均年,mea16156.txt
北海道(後志),共和,多照年,max16156.txt
北海道(後志),共和,寡照年,min16156.txt
北海道(後志),蘭越,平均年,mea16206.txt
北海道(後志),蘭越,多照年,max16206.txt
北海道(後志),蘭越,寡照年,min16206.txt
北海道(後志),倶知安,平均年,mea16217.txt
北海道(後志),倶知安,多照年,max16217.txt
北海道(後志),倶知安,寡照年,min16217.txt
北海道(後志),寿都,平均年,mea16252.txt
北海道(後志),寿都,多照年,max16252.txt
北海道(後志),寿都,寡照年,min16252.txt
北海道(後志),真狩,平均年,mea16281.txt
北海道(後志),真狩,多照年,max16281.txt
北海道(後志),真狩,寡照年,min16281.txt
北海道(後志),喜茂別,平均年,mea16286.txt
北海道(後志),喜茂別,多照年,max16286.txt
北海道(後志),喜茂別,寡照年,min16286.txt
北海道(後志),黒松内,平均年,mea16321.txt
北海道(後志),黒松内,多照年,max16321.txt
北海道(後志),黒松内,寡照年,min16321.txt
北海道(網走),雄武,平均年,mea17036.txt
北海道(網走),雄武,多照年,max17036.txt
北海道(網走),雄武,寡照年,min17036.txt
北海道(網走),興部,平均年,mea17076.txt
北海道(網走),興部,多照年,max17076.txt
北海道(網走),興部,寡照年,min17076.txt
北海道(網走),西興部,平均年,mea17091.txt
北海道(網走),西興部,多照年,max17091.txt
北海道(網走),西興部,寡照年,min17091.txt
北海道(網走),紋別,平均年,mea17112.txt
北海道(網走),紋別,多照年,max17112.txt
北海道(網走),紋別,寡照年,min17112.txt
北海道(網走),湧別,平均年,mea17166.txt
北海道(網走),湧別,多照年,max17166.txt
北海道(網走),湧別,寡照年,min17166.txt
北海道(網走),滝上,平均年,mea17196.txt
北海道(網走),滝上,多照年,max17196.txt
北海道(網走),滝上,寡照年,min17196.txt
北海道(網走),常呂,平均年,mea17246.txt
北海道(網走),常呂,多照年,max17246.txt
北海道(網走),常呂,寡照年,min17246.txt
北海道(網走),遠軽,平均年,mea17306.txt
北海道(網走),遠軽,多照年,max17306.txt
北海道(網走),遠軽,寡照年,min17306.txt
北海道(網走),佐呂間,平均年,mea17316.txt
北海道(網走),佐呂間,多照年,max17316.txt
北海道(網走),佐呂間,寡照年,min17316.txt
北海道(網走),網走,平均年,mea17341.txt
北海道(網走),網走,多照年,max17341.txt
北海道(網走),網走,寡照年,min17341.txt
北海道(網走),宇登呂,平均年,mea17351.txt
北海道(網走),宇登呂,多照年,max17351.txt
北海道(網走),宇登呂,寡照年,min17351.txt
北海道(網走),白滝,平均年,mea17482.txt
北海道(網走),白滝,多照年,max17482.txt
北海道(網走),白滝,寡照年,min17482.txt
北海道(網走),生田原,平均年,mea17501.txt
北海道(網走),生田原,多照年,max17501.txt
北海道(網走),生田原,寡照年,min17501.txt
北海道(網走),北見,平均年,mea17521.txt
北海道(網走),北見,多照年,max17521.txt
北海道(網走),北見,寡照年,min17521.txt
北海道(網走),小清水,平均年,mea17546.txt
北海道(網走),小清水,多照年,max17546.txt
北海道(網走),小清水,寡照年,min17546.txt
北海道(網走),斜里,平均年,mea17561.txt
北海道(網走),斜里,多照年,max17561.txt
北海道(網走),斜里,寡照年,min17561.txt
北海道(網走),留辺蘂,平均年,mea17596.txt
北海道(網走),留辺蘂,多照年,max17596.txt
北海道(網走),留辺蘂,寡照年,min17596.txt
北海道(網走),境野,平均年,mea17607.txt
北海道(網走),境野,多照年,max17607.txt
北海道(網走),境野,寡照年,min17607.txt
北海道(網走),美幌,平均年,mea17631.txt
北海道(網走),美幌,多照年,max17631.txt
北海道(網走),美幌,寡照年,min17631.txt
北海道(網走),津別,平均年,mea17717.txt
北海道(網走),津別,多照年,max17717.txt
北海道(網走),津別,寡照年,min17717.txt
北海道(根室),羅臼,平均年,mea18038.txt
北海道(根室),羅臼,多照年,max18038.txt
北海道(根室),羅臼,寡照年,min18038.txt
北海道(根室),標津,平均年,mea18136.txt
北海道(根室),標津,多照年,max18136.txt
北海道(根室),標津,寡照年,min18136.txt
北海道(根室),上標津,平均年,mea18161.txt
北海道(根室),上標津,多照年,max18161.txt
北海道(根室),上標津,寡照年,min18161.txt
北海道(根室),中標津,平均年,mea18171.txt
北海道(根室),中標津,多照年,max18171.txt
北海道(根室),中標津,寡照年,min18171.txt
北海道(根室),別海,平均年,mea18256.txt
北海道(根室),別海,多照年,max18256.txt
北海道(根室),別海,寡照年,min18256.txt
北海道(根室),根室,平均年,mea18273.txt
北海道(根室),根室,多照年,max18273.txt
北海道(根室),根室,寡照年,min18273.txt
北海道(根室),納沙布,平均年,mea18281.txt
北海道(根室),納沙布,多照年,max18281.txt
北海道(根室),納沙布,寡照年,min18281.txt
北海道(根室),厚床,平均年,mea18311.txt
北海道(根室),厚床,多照年,max18311.txt
北海道(根室),厚床,寡照年,min18311.txt
北海道(釧路),川湯,平均年,mea19021.txt
北海道(釧路),川湯,多照年,max19021.txt
北海道(釧路),川湯,寡照年,min19021.txt
北海道(釧路),弟子屈,平均年,mea19051.txt
北海道(釧路),弟子屈,多照年,max19051.txt
北海道(釧路),弟子屈,寡照年,min19051.txt
北海道(釧路),阿寒湖畔,平均年,mea19076.txt
北海道(釧路),阿寒湖畔,多照年,max19076.txt
北海道(釧路),阿寒湖畔,寡照年,min19076.txt
北海道(釧路),標茶,平均年,mea19151.txt
北海道(釧路),標茶,多照年,max19151.txt
北海道(釧路),標茶,寡照年,min19151.txt
北海道(釧路),鶴居,平均年,mea19191.txt
北海道(釧路),鶴居,多照年,max19191.txt
北海道(釧路),鶴居,寡照年,min19191.txt
北海道(釧路),中徹別,平均年,mea19261.txt
北海道(釧路),中徹別,多照年,max19261.txt
北海道(釧路),中徹別,寡照年,min19261.txt
北海道(釧路),榊町,平均年,mea19311.txt
北海道(釧路),榊町,多照年,max19311.txt
北海道(釧路),榊町,寡照年,min19311.txt
北海道(釧路),太田,平均年,mea19376.txt
北海道(釧路),太田,多照年,max19376.txt
北海道(釧路),太田,寡照年,min19376.txt
北海道(釧路),白糠,平均年,mea19416.txt
北海道(釧路),白糠,多照年,max19416.txt
北海道(釧路),白糠,寡照年,min19416.txt
北海道(釧路),釧路,平均年,mea19432.txt
北海道(釧路),釧路,多照年,max19432.txt
北海道(釧路),釧路,寡照年,min19432.txt
北海道(釧路),知方学,平均年,mea19451.txt
北海道(釧路),知方学,多照年,max19451.txt
北海道(釧路),知方学,寡照年,min19451.txt
北海道(十勝),陸別,平均年,mea20146.txt
北海道(十勝),陸別,多照年,max20146.txt
北海道(十勝),陸別,寡照年,min20146.txt
北海道(十勝),糠平,平均年,mea20186.txt
北海道(十勝),糠平,多照年,max20186.txt
北海道(十勝),糠平,寡照年,min20186.txt
北海道(十勝),上士幌,平均年,mea20266.txt
北海道(十勝),上士幌,多照年,max20266.txt
北海道(十勝),上士幌,寡照年,min20266.txt
北海道(十勝),足寄,平均年,mea20276.txt
北海道(十勝),足寄,多照年,max20276.txt
北海道(十勝),足寄,寡照年,min20276.txt
北海道(十勝),本別,平均年,mea20341.txt
北海道(十勝),本別,多照年,max20341.txt
北海道(十勝),本別,寡照年,min20341.txt
北海道(十勝),新得,平均年,mea20356.txt
北海道(十勝),新得,多照年,max20356.txt
北海道(十勝),新得,寡照年,min20356.txt
北海道(十勝),鹿追,平均年,mea20361.txt
北海道(十勝),鹿追,多照年,max20361.txt
北海道(十勝),鹿追,寡照年,min20361.txt
北海道(十勝),駒場,平均年,mea20371.txt
北海道(十勝),駒場,多照年,max20371.txt
北海道(十勝),駒場,寡照年,min20371.txt
北海道(十勝),芽室,平均年,mea20421.txt
北海道(十勝),芽室,多照年,max20421.txt
北海道(十勝),芽室,寡照年,min20421.txt
北海道(十勝),帯広,平均年,mea20432.txt
北海道(十勝),帯広,多照年,max20432.txt
北海道(十勝),帯広,寡照年,min20432.txt
北海道(十勝),池田,平均年,mea20441.txt
北海道(十勝),池田,多照年,max20441.txt
北海道(十勝),池田,寡照年,min20441.txt
北海道(十勝),浦幌,平均年,mea20506.txt
北海道(十勝),浦幌,多照年,max20506.txt
北海道(十勝),浦幌,寡照年,min20506.txt
北海道(十勝),糠内,平均年,mea20556.txt
北海道(十勝),糠内,多照年,max20556.txt
北海道(十勝),糠内,寡照年,min20556.txt
北海道(十勝),上札内,平均年,mea20601.txt
北海道(十勝),上札内,多照年,max20601.txt
北海道(十勝),上札内,寡照年,min20601.txt
北海道(十勝),更別,平均年,mea20606.txt
北海道(十勝),更別,多照年,max20606.txt
北海道(十勝),更別,寡照年,min20606.txt
北海道(十勝),大津,平均年,mea20631.txt
北海道(十勝),大津,多照年,max20631.txt
北海道(十勝),大津,寡照年,min20631.txt
北海道(十勝),大樹,平均年,mea20696.txt
北海道(十勝),大樹,多照年,max20696.txt
北海道(十勝),大樹,寡照年,min20696.txt
北海道(十勝),広尾,平均年,mea20751.txt
北海道(十勝),広尾,多照年,max20751.txt
北海道(十勝),広尾,寡照年,min20751.txt
北海道(胆振),厚真,平均年,mea21111.txt
北海道(胆振),厚真,多照年,max21111.txt
北海道(胆振),厚真,寡照年,min21111.txt
北海道(胆振),穂別,平均年,mea21126.txt
北海道(胆振),穂別,多照年,max21126.txt
北海道(胆振),穂別,寡照年,min21126.txt
北海道(胆振),大滝,平均年,mea21161.txt
北海道(胆振),大滝,多照年,max21161.txt
北海道(胆振),大滝,寡照年,min21161.txt
北海道(胆振),森野,平均年,mea21171.txt
北海道(胆振),森野,多照年,max21171.txt
北海道(胆振),森野,寡照年,min21171.txt
北海道(胆振),苫小牧,平均年,mea21187.txt
北海道(胆振),苫小牧,多照年,max21187.txt
北海道(胆振),苫小牧,寡照年,min21187.txt
北海道(胆振),大岸,平均年,mea21226.txt
北海道(胆振),大岸,多照年,max21226.txt
北海道(胆振),大岸,寡照年,min21226.txt
北海道(胆振),白老,平均年,mea21261.txt
北海道(胆振),白老,多照年,max21261.txt
北海道(胆振),白老,寡照年,min21261.txt
北海道(胆振),鵡川,平均年,mea21276.txt
北海道(胆振),鵡川,多照年,max21276.txt
北海道(胆振),鵡川,寡照年,min21276.txt
北海道(胆振),伊達,平均年,mea21297.txt
北海道(胆振),伊達,多照年,max21297.txt
北海道(胆振),伊達,寡照年,min21297.txt
北海道(胆振),登別,平均年,mea21312.txt
北海道(胆振),登別,多照年,max21312.txt
北海道(胆振),登別,寡照年,min21312.txt
北海道(胆振),室蘭,平均年,mea21323.txt
北海道(胆振),室蘭,多照年,max21323.txt
北海道(胆振),室蘭,寡照年,min21323.txt
北海道(日高),日高,平均年,mea22036.txt
北海道(日高),日高,多照年,max22036.txt
北海道(日高),日高,寡照年,min22036.txt
北海道(日高),日高門別,平均年,mea22141.txt
北海道(日高),日高門別,多照年,max22141.txt
北海道(日高),日高門別,寡照年,min22141.txt
北海道(日高),新和,平均年,mea22156.txt
北海道(日高),新和,多照年,max22156.txt
北海道(日高),新和,寡照年,min22156.txt
北海道(日高),静内,平均年,mea22241.txt
北海道(日高),静内,多照年,max22241.txt
北海道(日高),静内,寡照年,min22241.txt
北海道(日高),三石,平均年,mea22291.txt
北海道(日高),三石,多照年,max22291.txt
北海道(日高),三石,寡照年,min22291.txt
北海道(日高),中杵臼,平均年,mea22306.txt
北海道(日高),中杵臼,多照年,max22306.txt
北海道(日高),中杵臼,寡照年,min22306.txt
北海道(日高),浦河,平均年,mea22327.txt
北海道(日高),浦河,多照年,max22327.txt
北海道(日高),浦河,寡照年,min22327.txt
北海道(日高),えりも岬,平均年,mea22391.txt
北海道(日高),えりも岬,多照年,max22391.txt
北海道(日高),えりも岬,寡照年,min22391.txt
北海道(渡島),長万部,平均年,mea23031.txt
北海道(渡島),長万部,多照年,max23031.txt
北海道(渡島),長万部,寡照年,min23031.txt
北海道(渡島),八雲,平均年,mea23086.txt
北海道(渡島),八雲,多照年,max23086.txt
北海道(渡島),八雲,寡照年,min23086.txt
北海道(渡島),森,平均年,mea23166.txt
北海道(渡島),森,多照年,max23166.txt
北海道(渡島),森,寡照年,min23166.txt
北海道(渡島),川汲,平均年,mea23206.txt
北海道(渡島),川汲,多照年,max23206.txt
北海道(渡島),川汲,寡照年,min23206.txt
北海道(渡島),北斗,平均年,mea23226.txt
北海道(渡島),北斗,多照年,max23226.txt
北海道(渡島),北斗,寡照年,min23226.txt
北海道(渡島),函館,平均年,mea23232.txt
北海道(渡島),函館,多照年,max23232.txt
北海道(渡島),函館,寡照年,min23232.txt
北海道(渡島),木古内,平均年,mea23326.txt
北海道(渡島),木古内,多照年,max23326.txt
北海道(渡島),木古内,寡照年,min23326.txt
北海道(渡島),松前,平均年,mea23376.txt
北海道(渡島),松前,多照年,max23376.txt
北海道(渡島),松前,寡照年,min23376.txt
北海道(桧山),せたな,平均年,mea24041.txt
北海道(桧山),せたな,多照年,max24041.txt
北海道(桧山),せたな,寡照年,min24041.txt
北海道(桧山),今金,平均年,mea24051.txt
北海道(桧山),今金,多照年,max24051.txt
北海道(桧山),今金,寡照年,min24051.txt
北海道(桧山),奥尻,平均年,mea24101.txt
北海道(桧山),奥尻,多照年,max24101.txt
北海道(桧山),奥尻,寡照年,min24101.txt
北海道(桧山),熊石,平均年,mea24141.txt
北海道(桧山),熊石,多照年,max24141.txt
北海道(桧山),熊石,寡照年,min24141.txt
北海道(桧山),鶉,平均年,mea24201.txt
北海道(桧山),鶉,多照年,max24201.txt
北海道(桧山),鶉,寡照年,min24201.txt
北海道(桧山),江差,平均年,mea24217.txt
北海道(桧山),江差,多照年,max24217.txt
北海道(桧山),江差,寡照年,min24217.txt
青森県,大間,平均年,mea31001.txt
青森県,大間,多照年,max31001.txt
青森県,大間,寡照年,min31001.txt
青森県,むつ,平均年,mea31111.txt
青森県,むつ,多照年,max31111.txt
青森県,むつ,寡照年,min31111.txt
青森県,小田野沢,平均年,mea31121.txt
青森県,小田野沢,多照年,max31121.txt
青森県,小田野沢,寡照年,min31121.txt
青森県,今別,平均年,mea31136.txt
青森県,今別,多照年,max31136.txt
青森県,今別,寡照年,min31136.txt
青森県,脇野沢,平均年,mea31156.txt
青森県,脇野沢,多照年,max31156.txt
青森県,脇野沢,寡照年,min31156.txt
青森県,市浦,平均年,mea31186.txt
青森県,市浦,多照年,max31186.txt
青森県,市浦,寡照年,min31186.txt
青森県,蟹田,平均年,mea31201.txt
青森県,蟹田,多照年,max31201.txt
青森県,蟹田,寡照年,min31201.txt
青森県,五所川原,平均年,mea31296.txt
青森県,五所川原,多照年,max31296.txt
青森県,五所川原,寡照年,min31296.txt
青森県,青森,平均年,mea31312.txt
青森県,青森,多照年,max31312.txt
青森県,青森,寡照年,min31312.txt
青森県,野辺地,平均年,mea31332.txt
青森県,野辺地,多照年,max31332.txt
青森県,野辺地,寡照年,min31332.txt
青森県,六ケ所,平均年,mea31336.txt
青森県,六ケ所,多照年,max31336.txt
青森県,六ケ所,寡照年,min31336.txt
青森県,鰺ケ沢,平均年,mea31366.txt
青森県,鰺ケ沢,多照年,max31366.txt
青森県,鰺ケ沢,寡照年,min31366.txt
青森県,深浦,平均年,mea31436.txt
青森県,深浦,多照年,max31436.txt
青森県,深浦,寡照年,min31436.txt
青森県,弘前,平均年,mea31461.txt
青森県,弘前,多照年,max31461.txt
青森県,弘前,寡照年,min31461.txt
青森県,黒石,平均年,mea31466.txt
青森県,黒石,多照年,max31466.txt
青森県,黒石,寡照年,min31466.txt
青森県,酸ケ湯,平均年,mea31482.txt
青森県,酸ケ湯,多照年,max31482.txt
青森県,酸ケ湯,寡照年,min31482.txt
青森県,三沢,平均年,mea31506.txt
青森県,三沢,多照年,max31506.txt
青森県,三沢,寡照年,min31506.txt
青森県,十和田,平均年,mea31586.txt
青森県,十和田,多照年,max31586.txt
青森県,十和田,寡照年,min31586.txt
青森県,八戸,平均年,mea31602.txt
青森県,八戸,多照年,max31602.txt
青森県,八戸,寡照年,min31602.txt
青森県,碇ケ関,平均年,mea31646.txt
青森県,碇ケ関,多照年,max31646.txt
青森県,碇ケ関,寡照年,min31646.txt
青森県,休屋,平均年,mea31662.txt
青森県,休屋,多照年,max31662.txt
青森県,休屋,寡照年,min31662.txt
青森県,三戸,平均年,mea31721.txt
青森県,三戸,多照年,max31721.txt
青森県,三戸,寡照年,min31721.txt
秋田県,八森,平均年,mea32056.txt
秋田県,八森,多照年,max32056.txt
秋田県,八森,寡照年,min32056.txt
秋田県,能代,平均年,mea32111.txt
秋田県,能代,多照年,max32111.txt
秋田県,能代,寡照年,min32111.txt
秋田県,鷹巣,平均年,mea32126.txt
秋田県,鷹巣,多照年,max32126.txt
秋田県,鷹巣,寡照年,min32126.txt
秋田県,大館,平均年,mea32136.txt
秋田県,大館,多照年,max32136.txt
秋田県,大館,寡照年,min32136.txt
秋田県,鹿角,平均年,mea32146.txt
秋田県,鹿角,多照年,max32146.txt
秋田県,鹿角,寡照年,min32146.txt
秋田県,八幡平,平均年,mea32266.txt
秋田県,八幡平,多照年,max32266.txt
秋田県,八幡平,寡照年,min32266.txt
秋田県,男鹿,平均年,mea32286.txt
秋田県,男鹿,多照年,max32286.txt
秋田県,男鹿,寡照年,min32286.txt
秋田県,大潟,平均年,mea32287.txt
秋田県,大潟,多照年,max32287.txt
秋田県,大潟,寡照年,min32287.txt
秋田県,五城目,平均年,mea32296.txt
秋田県,五城目,多照年,max32296.txt
秋田県,五城目,寡照年,min32296.txt
秋田県,阿仁合,平均年,mea32311.txt
秋田県,阿仁合,多照年,max32311.txt
秋田県,阿仁合,寡照年,min32311.txt
秋田県,秋田,平均年,mea32402.txt
秋田県,秋田,多照年,max32402.txt
秋田県,秋田,寡照年,min32402.txt
秋田県,岩見三内,平均年,mea32407.txt
秋田県,岩見三内,多照年,max32407.txt
秋田県,岩見三内,寡照年,min32407.txt
秋田県,角館,平均年,mea32466.txt
秋田県,角館,多照年,max32466.txt
秋田県,角館,寡照年,min32466.txt
秋田県,田沢湖,平均年,mea32476.txt
秋田県,田沢湖,多照年,max32476.txt
秋田県,田沢湖,寡照年,min32476.txt
秋田県,大正寺,平均年,mea32496.txt
秋田県,大正寺,多照年,max32496.txt
秋田県,大正寺,寡照年,min32496.txt
秋田県,大曲,平均年,mea32551.txt
秋田県,大曲,多照年,max32551.txt
秋田県,大曲,寡照年,min32551.txt
秋田県,本荘,平均年,mea32571.txt
秋田県,本荘,多照年,max32571.txt
秋田県,本荘,寡照年,min32571.txt
秋田県,東由利,平均年,mea32581.txt
秋田県,東由利,多照年,max32581.txt
秋田県,東由利,寡照年,min32581.txt
秋田県,横手,平均年,mea32596.txt
秋田県,横手,多照年,max32596.txt
秋田県,横手,寡照年,min32596.txt
秋田県,象潟,平均年,mea32616.txt
秋田県,象潟,多照年,max32616.txt
秋田県,象潟,寡照年,min32616.txt
秋田県,矢島,平均年,mea32626.txt
秋田県,矢島,多照年,max32626.txt
秋田県,矢島,寡照年,min32626.txt
秋田県,湯沢,平均年,mea32691.txt
秋田県,湯沢,多照年,max32691.txt
秋田県,湯沢,寡照年,min32691.txt
秋田県,湯ノ岱,平均年,mea32771.txt
秋田県,湯ノ岱,多照年,max32771.txt
秋田県,湯ノ岱,寡照年,min32771.txt
岩手県,種市,平均年,mea33006.txt
岩手県,種市,多照年,max33006.txt
岩手県,種市,寡照年,min33006.txt
岩手県,軽米,平均年,mea33026.txt
岩手県,軽米,多照年,max33026.txt
岩手県,軽米,寡照年,min33026.txt
岩手県,二戸,平均年,mea33071.txt
岩手県,二戸,多照年,max33071.txt
岩手県,二戸,寡照年,min33071.txt
岩手県,山形,平均年,mea33136.txt
岩手県,山形,多照年,max33136.txt
岩手県,山形,寡照年,min33136.txt
岩手県,久慈,平均年,mea33146.txt
岩手県,久慈,多照年,max33146.txt
岩手県,久慈,寡照年,min33146.txt
岩手県,荒屋,平均年,mea33166.txt
岩手県,荒屋,多照年,max33166.txt
岩手県,荒屋,寡照年,min33166.txt
岩手県,奥中山,平均年,mea33176.txt
岩手県,奥中山,多照年,max33176.txt
岩手県,奥中山,寡照年,min33176.txt
岩手県,葛巻,平均年,mea33186.txt
岩手県,葛巻,多照年,max33186.txt
岩手県,葛巻,寡照年,min33186.txt
岩手県,普代,平均年,mea33206.txt
岩手県,普代,多照年,max33206.txt
岩手県,普代,寡照年,min33206.txt
岩手県,岩手松尾,平均年,mea33226.txt
岩手県,岩手松尾,多照年,max33226.txt
岩手県,岩手松尾,寡照年,min33226.txt
岩手県,好摩,平均年,mea33296.txt
岩手県,好摩,多照年,max33296.txt
岩手県,好摩,寡照年,min33296.txt
岩手県,岩泉,平均年,mea33326.txt
岩手県,岩泉,多照年,max33326.txt
岩手県,岩泉,寡照年,min33326.txt
岩手県,小本,平均年,mea33336.txt
岩手県,小本,多照年,max33336.txt
岩手県,小本,寡照年,min33336.txt
岩手県,藪川,平均年,mea33371.txt
岩手県,藪川,多照年,max33371.txt
岩手県,藪川,寡照年,min33371.txt
岩手県,雫石,平均年,mea33421.txt
岩手県,雫石,多照年,max33421.txt
岩手県,雫石,寡照年,min33421.txt
岩手県,盛岡,平均年,mea33431.txt
岩手県,盛岡,多照年,max33431.txt
岩手県,盛岡,寡照年,min33431.txt
岩手県,区界,平均年,mea33441.txt
岩手県,区界,多照年,max33441.txt
岩手県,区界,寡照年,min33441.txt
岩手県,宮古,平均年,mea33472.txt
岩手県,宮古,多照年,max33472.txt
岩手県,宮古,寡照年,min33472.txt
岩手県,紫波,平均年,mea33501.txt
岩手県,紫波,多照年,max33501.txt
岩手県,紫波,寡照年,min33501.txt
岩手県,川井,平均年,mea33526.txt
岩手県,川井,多照年,max33526.txt
岩手県,川井,寡照年,min33526.txt
岩手県,沢内,平均年,mea33561.txt
岩手県,沢内,多照年,max33561.txt
岩手県,沢内,寡照年,min33561.txt
岩手県,大迫,平均年,mea33581.txt
岩手県,大迫,多照年,max33581.txt
岩手県,大迫,寡照年,min33581.txt
岩手県,山田,平均年,mea33616.txt
岩手県,山田,多照年,max33616.txt
岩手県,山田,寡照年,min33616.txt
岩手県,湯田,平均年,mea33631.txt
岩手県,湯田,多照年,max33631.txt
岩手県,湯田,寡照年,min33631.txt
岩手県,遠野,平均年,mea33671.txt
岩手県,遠野,多照年,max33671.txt
岩手県,遠野,寡照年,min33671.txt
岩手県,北上,平均年,mea33716.txt
岩手県,北上,多照年,max33716.txt
岩手県,北上,寡照年,min33716.txt
岩手県,釜石,平均年,mea33751.txt
岩手県,釜石,多照年,max33751.txt
岩手県,釜石,寡照年,min33751.txt
岩手県,若柳,平均年,mea33776.txt
岩手県,若柳,多照年,max33776.txt
岩手県,若柳,寡照年,min33776.txt
岩手県,江刺,平均年,mea33781.txt
岩手県,江刺,多照年,max33781.txt
岩手県,江刺,寡照年,min33781.txt
岩手県,住田,平均年,mea33801.txt
岩手県,住田,多照年,max33801.txt
岩手県,住田,寡照年,min33801.txt
岩手県,大船渡,平均年,mea33877.txt
岩手県,大船渡,多照年,max33877.txt
岩手県,大船渡,寡照年,min33877.txt
岩手県,一関,平均年,mea33911.txt
岩手県,一関,多照年,max33911.txt
岩手県,一関,寡照年,min33911.txt
岩手県,千厩,平均年,mea33921.txt
岩手県,千厩,多照年,max33921.txt
岩手県,千厩,寡照年,min33921.txt
宮城県,駒ノ湯,平均年,mea34012.txt
宮城県,駒ノ湯,多照年,max34012.txt
宮城県,駒ノ湯,寡照年,min34012.txt
宮城県,気仙沼,平均年,mea34026.txt
宮城県,気仙沼,多照年,max34026.txt
宮城県,気仙沼,寡照年,min34026.txt
宮城県,川渡,平均年,mea34096.txt
宮城県,川渡,多照年,max34096.txt
宮城県,川渡,寡照年,min34096.txt
宮城県,築館,平均年,mea34111.txt
宮城県,築館,多照年,max34111.txt
宮城県,築館,寡照年,min34111.txt
宮城県,米山,平均年,mea34171.txt
宮城県,米山,多照年,max34171.txt
宮城県,米山,寡照年,min34171.txt
宮城県,志津川,平均年,mea34186.txt
宮城県,志津川,多照年,max34186.txt
宮城県,志津川,寡照年,min34186.txt
宮城県,古川,平均年,mea34216.txt
宮城県,古川,多照年,max34216.txt
宮城県,古川,寡照年,min34216.txt
宮城県,大衡,平均年,mea34266.txt
宮城県,大衡,多照年,max34266.txt
宮城県,大衡,寡照年,min34266.txt
宮城県,鹿島台,平均年,mea34276.txt
宮城県,鹿島台,多照年,max34276.txt
宮城県,鹿島台,寡照年,min34276.txt
宮城県,石巻,平均年,mea34292.txt
宮城県,石巻,多照年,max34292.txt
宮城県,石巻,寡照年,min34292.txt
宮城県,新川,平均年,mea34311.txt
宮城県,新川,多照年,max34311.txt
宮城県,新川,寡照年,min34311.txt
宮城県,塩釜,平均年,mea34331.txt
宮城県,塩釜,多照年,max34331.txt
宮城県,塩釜,寡照年,min34331.txt
宮城県,江ノ島,平均年,mea34361.txt
宮城県,江ノ島,多照年,max34361.txt
宮城県,江ノ島,寡照年,min34361.txt
宮城県,仙台,平均年,mea34392.txt
宮城県,仙台,多照年,max34392.txt
宮城県,仙台,寡照年,min34392.txt
宮城県,白石,平均年,mea34461.txt
宮城県,白石,多照年,max34461.txt
宮城県,白石,寡照年,min34461.txt
宮城県,蔵王,平均年,mea34462.txt
宮城県,蔵王,多照年,max34462.txt
宮城県,蔵王,寡照年,min34462.txt
宮城県,亘理,平均年,mea34471.txt
宮城県,亘理,多照年,max34471.txt
宮城県,亘理,寡照年,min34471.txt
宮城県,丸森,平均年,mea34506.txt
宮城県,丸森,多照年,max34506.txt
宮城県,丸森,寡照年,min34506.txt
山形県,飛島,平均年,mea35002.txt
山形県,飛島,多照年,max35002.txt
山形県,飛島,寡照年,min35002.txt
山形県,酒田,平均年,mea35052.txt
山形県,酒田,多照年,max35052.txt
山形県,酒田,寡照年,min35052.txt
山形県,差首鍋,平均年,mea35071.txt
山形県,差首鍋,多照年,max35071.txt
山形県,差首鍋,寡照年,min35071.txt
山形県,金山,平均年,mea35116.txt
山形県,金山,多照年,max35116.txt
山形県,金山,寡照年,min35116.txt
山形県,鶴岡,平均年,mea35141.txt
山形県,鶴岡,多照年,max35141.txt
山形県,鶴岡,寡照年,min35141.txt
山形県,狩川,平均年,mea35146.txt
山形県,狩川,多照年,max35146.txt
山形県,狩川,寡照年,min35146.txt
山形県,新庄,平均年,mea35162.txt
山形県,新庄,多照年,max35162.txt
山形県,新庄,寡照年,min35162.txt
山形県,向町,平均年,mea35176.txt
山形県,向町,多照年,max35176.txt
山形県,向町,寡照年,min35176.txt
山形県,肘折,平均年,mea35216.txt
山形県,肘折,多照年,max35216.txt
山形県,肘折,寡照年,min35216.txt
山形県,尾花沢,平均年,mea35231.txt
山形県,尾花沢,多照年,max35231.txt
山形県,尾花沢,寡照年,min35231.txt
山形県,鼠ケ関,平均年,mea35246.txt
山形県,鼠ケ関,多照年,max35246.txt
山形県,鼠ケ関,寡照年,min35246.txt
山形県,村山,平均年,mea35332.txt
山形県,村山,多照年,max35332.txt
山形県,村山,寡照年,min35332.txt
山形県,大井沢,平均年,mea35361.txt
山形県,大井沢,多照年,max35361.txt
山形県,大井沢,寡照年,min35361.txt
山形県,左沢,平均年,mea35376.txt
山形県,左沢,多照年,max35376.txt
山形県,左沢,寡照年,min35376.txt
山形県,山形,平均年,mea35426.txt
山形県,山形,多照年,max35426.txt
山形県,山形,寡照年,min35426.txt
山形県,長井,平均年,mea35456.txt
山形県,長井,多照年,max35456.txt
山形県,長井,寡照年,min35456.txt
山形県,小国,平均年,mea35486.txt
山形県,小国,多照年,max35486.txt
山形県,小国,寡照年,min35486.txt
山形県,高畠,平均年,mea35511.txt
山形県,高畠,多照年,max35511.txt
山形県,高畠,寡照年,min35511.txt
山形県,高峰,平均年,mea35541.txt
山形県,高峰,多照年,max35541.txt
山形県,高峰,寡照年,min35541.txt
山形県,米沢,平均年,mea35552.txt
山形県,米沢,多照年,max35552.txt
山形県,米沢,寡照年,min35552.txt
福島県,茂庭,平均年,mea36056.txt
福島県,茂庭,多照年,max36056.txt
福島県,茂庭,寡照年,min36056.txt
福島県,梁川,平均年,mea36066.txt
福島県,梁川,多照年,max36066.txt
福島県,梁川,寡照年,min36066.txt
福島県,桧原,平均年,mea36106.txt
福島県,桧原,多照年,max36106.txt
福島県,桧原,寡照年,min36106.txt
福島県,福島,平均年,mea36126.txt
福島県,福島,多照年,max36126.txt
福島県,福島,寡照年,min36126.txt
福島県,相馬,平均年,mea36151.txt
福島県,相馬,多照年,max36151.txt
福島県,相馬,寡照年,min36151.txt
福島県,喜多方,平均年,mea36176.txt
福島県,喜多方,多照年,max36176.txt
福島県,喜多方,寡照年,min36176.txt
福島県,鷲倉,平均年,mea36196.txt
福島県,鷲倉,多照年,max36196.txt
福島県,鷲倉,寡照年,min36196.txt
福島県,飯舘,平均年,mea36221.txt
福島県,飯舘,多照年,max36221.txt
福島県,飯舘,寡照年,min36221.txt
福島県,西会津,平均年,mea36251.txt
福島県,西会津,多照年,max36251.txt
福島県,西会津,寡照年,min36251.txt
福島県,猪苗代,平均年,mea36276.txt
福島県,猪苗代,多照年,max36276.txt
福島県,猪苗代,寡照年,min36276.txt
福島県,二本松,平均年,mea36291.txt
福島県,二本松,多照年,max36291.txt
福島県,二本松,寡照年,min36291.txt
福島県,金山,平均年,mea36342.txt
福島県,金山,多照年,max36342.txt
福島県,金山,寡照年,min36342.txt
福島県,若松,平均年,mea36361.txt
福島県,若松,多照年,max36361.txt
福島県,若松,寡照年,min36361.txt
福島県,船引,平均年,mea36391.txt
福島県,船引,多照年,max36391.txt
福島県,船引,寡照年,min36391.txt
福島県,浪江,平均年,mea36411.txt
福島県,浪江,多照年,max36411.txt
福島県,浪江,寡照年,min36411.txt
福島県,只見,平均年,mea36426.txt
福島県,只見,多照年,max36426.txt
福島県,只見,寡照年,min36426.txt
福島県,郡山,平均年,mea36476.txt
福島県,郡山,多照年,max36476.txt
福島県,郡山,寡照年,min36476.txt
福島県,川内,平均年,mea36501.txt
福島県,川内,多照年,max36501.txt
福島県,川内,寡照年,min36501.txt
福島県,南郷,平均年,mea36536.txt
福島県,南郷,多照年,max36536.txt
福島県,南郷,寡照年,min36536.txt
福島県,湯本,平均年,mea36562.txt
福島県,湯本,多照年,max36562.txt
福島県,湯本,寡照年,min36562.txt
福島県,小野新町,平均年,mea36591.txt
福島県,小野新町,多照年,max36591.txt
福島県,小野新町,寡照年,min36591.txt
福島県,広野,平均年,mea36611.txt
福島県,広野,多照年,max36611.txt
福島県,広野,寡照年,min36611.txt
福島県,田島,平均年,mea36641.txt
福島県,田島,多照年,max36641.txt
福島県,田島,寡照年,min36641.txt
福島県,白河,平均年,mea36667.txt
福島県,白河,多照年,max36667.txt
福島県,白河,寡照年,min36667.txt
福島県,石川,平均年,mea36676.txt
福島県,石川,多照年,max36676.txt
福島県,石川,寡照年,min36676.txt
福島県,東白川,平均年,mea36821.txt
福島県,東白川,多照年,max36821.txt
福島県,東白川,寡照年,min36821.txt
福島県,山田,平均年,mea36836.txt
福島県,山田,多照年,max36836.txt
福島県,山田,寡照年,min36836.txt
福島県,小名浜,平均年,mea36846.txt
福島県,小名浜,多照年,max36846.txt
福島県,小名浜,寡照年,min36846.txt
茨城県,北茨城,平均年,mea40046.txt
茨城県,北茨城,多照年,max40046.txt
茨城県,北茨城,寡照年,min40046.txt
茨城県,大子,平均年,mea40061.txt
茨城県,大子,多照年,max40061.txt
茨城県,大子,寡照年,min40061.txt
茨城県,小瀬,平均年,mea40091.txt
茨城県,小瀬,多照年,max40091.txt
茨城県,小瀬,寡照年,min40091.txt
茨城県,日立,平均年,mea40136.txt
茨城県,日立,多照年,max40136.txt
茨城県,日立,寡照年,min40136.txt
茨城県,笠間,平均年,mea40191.txt
茨城県,笠間,多照年,max40191.txt
茨城県,笠間,寡照年,min40191.txt
茨城県,水戸,平均年,mea40201.txt
茨城県,水戸,多照年,max40201.txt
茨城県,水戸,寡照年,min40201.txt
茨城県,古河,平均年,mea40221.txt
茨城県,古河,多照年,max40221.txt
茨城県,古河,寡照年,min40221.txt
茨城県,下妻,平均年,mea40281.txt
茨城県,下妻,多照年,max40281.txt
茨城県,下妻,寡照年,min40281.txt
茨城県,鉾田,平均年,mea40311.txt
茨城県,鉾田,多照年,max40311.txt
茨城県,鉾田,寡照年,min40311.txt
茨城県,つくば,平均年,mea40336.txt
茨城県,つくば,多照年,max40336.txt
茨城県,つくば,寡照年,min40336.txt
茨城県,土浦,平均年,mea40341.txt
茨城県,土浦,多照年,max40341.txt
茨城県,土浦,寡照年,min40341.txt
茨城県,鹿嶋,平均年,mea40406.txt
茨城県,鹿嶋,多照年,max40406.txt
茨城県,鹿嶋,寡照年,min40406.txt
茨城県,龍ケ崎,平均年,mea40426.txt
茨城県,龍ケ崎,多照年,max40426.txt
茨城県,龍ケ崎,寡照年,min40426.txt
栃木県,那須,平均年,mea41011.txt
栃木県,那須,多照年,max41011.txt
栃木県,那須,寡照年,min41011.txt
栃木県,五十里,平均年,mea41076.txt
栃木県,五十里,多照年,max41076.txt
栃木県,五十里,寡照年,min41076.txt
栃木県,黒磯,平均年,mea41091.txt
栃木県,黒磯,多照年,max41091.txt
栃木県,黒磯,寡照年,min41091.txt
栃木県,土呂部,平均年,mea41116.txt
栃木県,土呂部,多照年,max41116.txt
栃木県,土呂部,寡照年,min41116.txt
栃木県,大田原,平均年,mea41141.txt
栃木県,大田原,多照年,max41141.txt
栃木県,大田原,寡照年,min41141.txt
栃木県,奥日光,平均年,mea41166.txt
栃木県,奥日光,多照年,max41166.txt
栃木県,奥日光,寡照年,min41166.txt
栃木県,今市,平均年,mea41171.txt
栃木県,今市,多照年,max41171.txt
栃木県,今市,寡照年,min41171.txt
栃木県,塩谷,平均年,mea41181.txt
栃木県,塩谷,多照年,max41181.txt
栃木県,塩谷,寡照年,min41181.txt
栃木県,那須烏山,平均年,mea41247.txt
栃木県,那須烏山,多照年,max41247.txt
栃木県,那須烏山,寡照年,min41247.txt
栃木県,鹿沼,平均年,mea41271.txt
栃木県,鹿沼,多照年,max41271.txt
栃木県,鹿沼,寡照年,min41271.txt
栃木県,宇都宮,平均年,mea41277.txt
栃木県,宇都宮,多照年,max41277.txt
栃木県,宇都宮,寡照年,min41277.txt
栃木県,真岡,平均年,mea41331.txt
栃木県,真岡,多照年,max41331.txt
栃木県,真岡,寡照年,min41331.txt
栃木県,佐野,平均年,mea41361.txt
栃木県,佐野,多照年,max41361.txt
栃木県,佐野,寡照年,min41361.txt
栃木県,小山,平均年,mea41376.txt
栃木県,小山,多照年,max41376.txt
栃木県,小山,寡照年,min41376.txt
群馬県,藤原,平均年,mea42046.txt
群馬県,藤原,多照年,max42046.txt
群馬県,藤原,寡照年,min42046.txt
群馬県,みなかみ,平均年,mea42091.txt
群馬県,みなかみ,多照年,max42091.txt
群馬県,みなかみ,寡照年,min42091.txt
群馬県,草津,平均年,mea42121.txt
群馬県,草津,多照年,max42121.txt
群馬県,草津,寡照年,min42121.txt
群馬県,沼田,平均年,mea42146.txt
群馬県,沼田,多照年,max42146.txt
群馬県,沼田,寡照年,min42146.txt
群馬県,中之条,平均年,mea42186.txt
群馬県,中之条,多照年,max42186.txt
群馬県,中之条,寡照年,min42186.txt
群馬県,田代,平均年,mea42221.txt
群馬県,田代,多照年,max42221.txt
群馬県,田代,寡照年,min42221.txt
群馬県,前橋,平均年,mea42251.txt
群馬県,前橋,多照年,max42251.txt
群馬県,前橋,寡照年,min42251.txt
群馬県,桐生,平均年,mea42266.txt
群馬県,桐生,多照年,max42266.txt
群馬県,桐生,寡照年,min42266.txt
群馬県,上里見,平均年,mea42286.txt
群馬県,上里見,多照年,max42286.txt
群馬県,上里見,寡照年,min42286.txt
群馬県,伊勢崎,平均年,mea42302.txt
群馬県,伊勢崎,多照年,max42302.txt
群馬県,伊勢崎,寡照年,min42302.txt
群馬県,西野牧,平均年,mea42326.txt
群馬県,西野牧,多照年,max42326.txt
群馬県,西野牧,寡照年,min42326.txt
群馬県,館林,平均年,mea42366.txt
群馬県,館林,多照年,max42366.txt
群馬県,館林,寡照年,min42366.txt
群馬県,神流,平均年,mea42396.txt
群馬県,神流,多照年,max42396.txt
群馬県,神流,寡照年,min42396.txt
埼玉県,寄居,平均年,mea43051.txt
埼玉県,寄居,多照年,max43051.txt
埼玉県,寄居,寡照年,min43051.txt
埼玉県,熊谷,平均年,mea43056.txt
埼玉県,熊谷,多照年,max43056.txt
埼玉県,熊谷,寡照年,min43056.txt
埼玉県,久喜,平均年,mea43126.txt
埼玉県,久喜,多照年,max43126.txt
埼玉県,久喜,寡照年,min43126.txt
埼玉県,秩父,平均年,mea43156.txt
埼玉県,秩父,多照年,max43156.txt
埼玉県,秩父,寡照年,min43156.txt
埼玉県,鳩山,平均年,mea43171.txt
埼玉県,鳩山,多照年,max43171.txt
埼玉県,鳩山,寡照年,min43171.txt
埼玉県,さいたま,平均年,mea43241.txt
埼玉県,さいたま,多照年,max43241.txt
埼玉県,さいたま,寡照年,min43241.txt
埼玉県,越谷,平均年,mea43256.txt
埼玉県,越谷,多照年,max43256.txt
埼玉県,越谷,寡照年,min43256.txt
埼玉県,所沢,平均年,mea43266.txt
埼玉県,所沢,多照年,max43266.txt
埼玉県,所沢,寡照年,min43266.txt
東京都,小河内,平均年,mea44046.txt
東京都,小河内,多照年,max44046.txt
東京都,小河内,寡照年,min44046.txt
東京都,青梅,平均年,mea44056.txt
東京都,青梅,多照年,max44056.txt
東京都,青梅,寡照年,min44056.txt
東京都,練馬,平均年,mea44076.txt
東京都,練馬,多照年,max44076.txt
東京都,練馬,寡照年,min44076.txt
東京都,八王子,平均年,mea44112.txt
東京都,八王子,多照年,max44112.txt
東京都,八王子,寡照年,min44112.txt
東京都,府中,平均年,mea44116.txt
東京都,府中,多照年,max44116.txt
東京都,府中,寡照年,min44116.txt
東京都,東京,平均年,mea44132.txt
東京都,東京,多照年,max44132.txt
東京都,東京,寡照年,min44132.txt
東京都(伊豆諸島),大島,平均年,mea44172.txt
東京都(伊豆諸島),大島,多照年,max44172.txt
東京都(伊豆諸島),大島,寡照年,min44172.txt
東京都(伊豆諸島),新島,平均年,mea44206.txt
東京都(伊豆諸島),新島,多照年,max44206.txt
東京都(伊豆諸島),新島,寡照年,min44206.txt
東京都(伊豆諸島),三宅島,平均年,mea44226.txt
東京都(伊豆諸島),三宅島,多照年,max44226.txt
東京都(伊豆諸島),三宅島,寡照年,min44226.txt
東京都(伊豆諸島),八丈島,平均年,mea44263.txt
東京都(伊豆諸島),八丈島,多照年,max44263.txt
東京都(伊豆諸島),八丈島,寡照年,min44263.txt
東京都(小笠原諸島),父島,平均年,mea44301.txt
東京都(小笠原諸島),父島,多照年,max44301.txt
東京都(小笠原諸島),父島,寡照年,min44301.txt
東京都(小笠原諸島),南鳥島,平均年,mea44356.txt
東京都(小笠原諸島),南鳥島,多照年,max44356.txt
東京都(小笠原諸島),南鳥島,寡照年,min44356.txt
千葉県,我孫子,平均年,mea45056.txt
千葉県,我孫子,多照年,max45056.txt
千葉県,我孫子,寡照年,min45056.txt
千葉県,香取,平均年,mea45081.txt
千葉県,香取,多照年,max45081.txt
千葉県,香取,寡照年,min45081.txt
千葉県,船橋,平均年,mea45106.txt
千葉県,船橋,多照年,max45106.txt
千葉県,船橋,寡照年,min45106.txt
千葉県,佐倉,平均年,mea45116.txt
千葉県,佐倉,多照年,max45116.txt
千葉県,佐倉,寡照年,min45116.txt
千葉県,銚子,平均年,mea45147.txt
千葉県,銚子,多照年,max45147.txt
千葉県,銚子,寡照年,min45147.txt
千葉県,横芝光,平均年,mea45181.txt
千葉県,横芝光,多照年,max45181.txt
千葉県,横芝光,寡照年,min45181.txt
千葉県,千葉,平均年,mea45212.txt
千葉県,千葉,多照年,max45212.txt
千葉県,千葉,寡照年,min45212.txt
千葉県,茂原,平均年,mea45261.txt
千葉県,茂原,多照年,max45261.txt
千葉県,茂原,寡照年,min45261.txt
千葉県,木更津,平均年,mea45282.txt
千葉県,木更津,多照年,max45282.txt
千葉県,木更津,寡照年,min45282.txt
千葉県,牛久,平均年,mea45291.txt
千葉県,牛久,多照年,max45291.txt
千葉県,牛久,寡照年,min45291.txt
千葉県,坂畑,平均年,mea45326.txt
千葉県,坂畑,多照年,max45326.txt
千葉県,坂畑,寡照年,min45326.txt
千葉県,鴨川,平均年,mea45361.txt
千葉県,鴨川,多照年,max45361.txt
千葉県,鴨川,寡照年,min45361.txt
千葉県,勝浦,平均年,mea45371.txt
千葉県,勝浦,多照年,max45371.txt
千葉県,勝浦,寡照年,min45371.txt
千葉県,館山,平均年,mea45401.txt
千葉県,館山,多照年,max45401.txt
千葉県,館山,寡照年,min45401.txt
神奈川県,海老名,平均年,mea46091.txt
神奈川県,海老名,多照年,max46091.txt
神奈川県,海老名,寡照年,min46091.txt
神奈川県,横浜,平均年,mea46106.txt
神奈川県,横浜,多照年,max46106.txt
神奈川県,横浜,寡照年,min46106.txt
神奈川県,辻堂,平均年,mea46141.txt
神奈川県,辻堂,多照年,max46141.txt
神奈川県,辻堂,寡照年,min46141.txt
神奈川県,小田原,平均年,mea46166.txt
神奈川県,小田原,多照年,max46166.txt
神奈川県,小田原,寡照年,min46166.txt
神奈川県,三浦,平均年,mea46211.txt
神奈川県,三浦,多照年,max46211.txt
神奈川県,三浦,寡照年,min46211.txt
長野県,野沢温泉,平均年,mea48031.txt
長野県,野沢温泉,多照年,max48031.txt
長野県,野沢温泉,寡照年,min48031.txt
長野県,信濃町,平均年,mea48061.txt
長野県,信濃町,多照年,max48061.txt
長野県,信濃町,寡照年,min48061.txt
長野県,飯山,平均年,mea48066.txt
長野県,飯山,多照年,max48066.txt
長野県,飯山,寡照年,min48066.txt
長野県,白馬,平均年,mea48141.txt
長野県,白馬,多照年,max48141.txt
長野県,白馬,寡照年,min48141.txt
長野県,長野,平均年,mea48156.txt
長野県,長野,多照年,max48156.txt
長野県,長野,寡照年,min48156.txt
長野県,大町,平均年,mea48191.txt
長野県,大町,多照年,max48191.txt
長野県,大町,寡照年,min48191.txt
長野県,信州新町,平均年,mea48196.txt
長野県,信州新町,多照年,max48196.txt
長野県,信州新町,寡照年,min48196.txt
長野県,菅平,平均年,mea48216.txt
長野県,菅平,多照年,max48216.txt
長野県,菅平,寡照年,min48216.txt
長野県,上田,平均年,mea48256.txt
長野県,上田,多照年,max48256.txt
長野県,上田,寡照年,min48256.txt
長野県,穂高,平均年,mea48296.txt
長野県,穂高,多照年,max48296.txt
長野県,穂高,寡照年,min48296.txt
長野県,東御,平均年,mea48321.txt
長野県,東御,多照年,max48321.txt
長野県,東御,寡照年,min48321.txt
長野県,軽井沢,平均年,mea48331.txt
長野県,軽井沢,多照年,max48331.txt
長野県,軽井沢,寡照年,min48331.txt
長野県,松本,平均年,mea48361.txt
長野県,松本,多照年,max48361.txt
長野県,松本,寡照年,min48361.txt
長野県,立科,平均年,mea48381.txt
長野県,立科,多照年,max48381.txt
長野県,立科,寡照年,min48381.txt
長野県,佐久,平均年,mea48386.txt
長野県,佐久,多照年,max48386.txt
長野県,佐久,寡照年,min48386.txt
長野県,奈川,平均年,mea48466.txt
長野県,奈川,多照年,max48466.txt
長野県,奈川,寡照年,min48466.txt
長野県,諏訪,平均年,mea48491.txt
長野県,諏訪,多照年,max48491.txt
長野県,諏訪,寡照年,min48491.txt
長野県,開田高原,平均年,mea48531.txt
長野県,開田高原,多照年,max48531.txt
長野県,開田高原,寡照年,min48531.txt
長野県,木曽平沢,平均年,mea48541.txt
長野県,木曽平沢,多照年,max48541.txt
長野県,木曽平沢,寡照年,min48541.txt
長野県,辰野,平均年,mea48546.txt
長野県,辰野,多照年,max48546.txt
長野県,辰野,寡照年,min48546.txt
長野県,原村,平均年,mea48561.txt
長野県,原村,多照年,max48561.txt
長野県,原村,寡照年,min48561.txt
長野県,野辺山,平均年,mea48571.txt
長野県,野辺山,多照年,max48571.txt
長野県,野辺山,寡照年,min48571.txt
長野県,木曽福島,平均年,mea48606.txt
長野県,木曽福島,多照年,max48606.txt
長野県,木曽福島,寡照年,min48606.txt
長野県,伊那,平均年,mea48621.txt
長野県,伊那,多照年,max48621.txt
長野県,伊那,寡照年,min48621.txt
長野県,南木曽,平均年,mea48717.txt
長野県,南木曽,多照年,max48717.txt
長野県,南木曽,寡照年,min48717.txt
長野県,飯島,平均年,mea48731.txt
長野県,飯島,多照年,max48731.txt
長野県,飯島,寡照年,min48731.txt
長野県,飯田,平均年,mea48767.txt
長野県,飯田,多照年,max48767.txt
長野県,飯田,寡照年,min48767.txt
長野県,浪合,平均年,mea48826.txt
長野県,浪合,多照年,max48826.txt
長野県,浪合,寡照年,min48826.txt
長野県,南信濃,平均年,mea48841.txt
長野県,南信濃,多照年,max48841.txt
長野県,南信濃,寡照年,min48841.txt
山梨県,大泉,平均年,mea49036.txt
山梨県,大泉,多照年,max49036.txt
山梨県,大泉,寡照年,min49036.txt
山梨県,韮崎,平均年,mea49086.txt
山梨県,韮崎,多照年,max49086.txt
山梨県,韮崎,寡照年,min49086.txt
山梨県,甲府,平均年,mea49142.txt
山梨県,甲府,多照年,max49142.txt
山梨県,甲府,寡照年,min49142.txt
山梨県,勝沼,平均年,mea49151.txt
山梨県,勝沼,多照年,max49151.txt
山梨県,勝沼,寡照年,min49151.txt
山梨県,大月,平均年,mea49161.txt
山梨県,大月,多照年,max49161.txt
山梨県,大月,寡照年,min49161.txt
山梨県,古関,平均年,mea49196.txt
山梨県,古関,多照年,max49196.txt
山梨県,古関,寡照年,min49196.txt
山梨県,切石,平均年,mea49236.txt
山梨県,切石,多照年,max49236.txt
山梨県,切石,寡照年,min49236.txt
山梨県,河口湖,平均年,mea49251.txt
山梨県,河口湖,多照年,max49251.txt
山梨県,河口湖,寡照年,min49251.txt
山梨県,山中,平均年,mea49256.txt
山梨県,山中,多照年,max49256.txt
山梨県,山中,寡照年,min49256.txt
山梨県,南部,平均年,mea49316.txt
山梨県,南部,多照年,max49316.txt
山梨県,南部,寡照年,min49316.txt
静岡県,井川,平均年,mea50106.txt
静岡県,井川,多照年,max50106.txt
静岡県,井川,寡照年,min50106.txt
静岡県,御殿場,平均年,mea50136.txt
静岡県,御殿場,多照年,max50136.txt
静岡県,御殿場,寡照年,min50136.txt
静岡県,富士,平均年,mea50196.txt
静岡県,富士,多照年,max50196.txt
静岡県,富士,寡照年,min50196.txt
静岡県,三島,平均年,mea50206.txt
静岡県,三島,多照年,max50206.txt
静岡県,三島,寡照年,min50206.txt
静岡県,佐久間,平均年,mea50226.txt
静岡県,佐久間,多照年,max50226.txt
静岡県,佐久間,寡照年,min50226.txt
静岡県,川根本町,平均年,mea50241.txt
静岡県,川根本町,多照年,max50241.txt
静岡県,川根本町,寡照年,min50241.txt
静岡県,清水,平均年,mea50261.txt
静岡県,清水,多照年,max50261.txt
静岡県,清水,寡照年,min50261.txt
静岡県,網代,平均年,mea50281.txt
静岡県,網代,多照年,max50281.txt
静岡県,網代,寡照年,min50281.txt
静岡県,静岡,平均年,mea50331.txt
静岡県,静岡,多照年,max50331.txt
静岡県,静岡,寡照年,min50331.txt
静岡県,天竜,平均年,mea50386.txt
静岡県,天竜,多照年,max50386.txt
静岡県,天竜,寡照年,min50386.txt
静岡県,浜松,平均年,mea50456.txt
静岡県,浜松,多照年,max50456.txt
静岡県,浜松,寡照年,min50456.txt
静岡県,菊川牧之原,平均年,mea50476.txt
静岡県,菊川牧之原,多照年,max50476.txt
静岡県,菊川牧之原,寡照年,min50476.txt
静岡県,松崎,平均年,mea50491.txt
静岡県,松崎,多照年,max50491.txt
静岡県,松崎,寡照年,min50491.txt
静岡県,稲取,平均年,mea50506.txt
静岡県,稲取,多照年,max50506.txt
静岡県,稲取,寡照年,min50506.txt
静岡県,磐田,平均年,mea50536.txt
静岡県,磐田,多照年,max50536.txt
静岡県,磐田,寡照年,min50536.txt
静岡県,御前崎,平均年,mea50551.txt
静岡県,御前崎,多照年,max50551.txt
静岡県,御前崎,寡照年,min50551.txt
静岡県,石廊崎,平均年,mea50561.txt
静岡県,石廊崎,多照年,max50561.txt
静岡県,石廊崎,寡照年,min50561.txt
愛知県,愛西,平均年,mea51031.txt
愛知県,愛西,多照年,max51031.txt
愛知県,愛西,寡照年,min51031.txt
愛知県,稲武,平均年,mea51071.txt
愛知県,稲武,多照年,max51071.txt
愛知県,稲武,寡照年,min51071.txt
愛知県,名古屋,平均年,mea51106.txt
愛知県,名古屋,多照年,max51106.txt
愛知県,名古屋,寡照年,min51106.txt
愛知県,豊田,平均年,mea51116.txt
愛知県,豊田,多照年,max51116.txt
愛知県,豊田,寡照年,min51116.txt
愛知県,東海,平均年,mea51161.txt
愛知県,東海,多照年,max51161.txt
愛知県,東海,寡照年,min51161.txt
愛知県,岡崎,平均年,mea51226.txt
愛知県,岡崎,多照年,max51226.txt
愛知県,岡崎,寡照年,min51226.txt
愛知県,新城,平均年,mea51247.txt
愛知県,新城,多照年,max51247.txt
愛知県,新城,寡照年,min51247.txt
愛知県,蒲郡,平均年,mea51281.txt
愛知県,蒲郡,多照年,max51281.txt
愛知県,蒲郡,寡照年,min51281.txt
愛知県,南知多,平均年,mea51311.txt
愛知県,南知多,多照年,max51311.txt
愛知県,南知多,寡照年,min51311.txt
愛知県,豊橋,平均年,mea51331.txt
愛知県,豊橋,多照年,max51331.txt
愛知県,豊橋,寡照年,min51331.txt
愛知県,伊良湖,平均年,mea51346.txt
愛知県,伊良湖,多照年,max51346.txt
愛知県,伊良湖,寡照年,min51346.txt
岐阜県,河合,平均年,mea52041.txt
岐阜県,河合,多照年,max52041.txt
岐阜県,河合,寡照年,min52041.txt
岐阜県,神岡,平均年,mea52051.txt
岐阜県,神岡,多照年,max52051.txt
岐阜県,神岡,寡照年,min52051.txt
岐阜県,白川,平均年,mea52081.txt
岐阜県,白川,多照年,max52081.txt
岐阜県,白川,寡照年,min52081.txt
岐阜県,栃尾,平均年,mea52111.txt
岐阜県,栃尾,多照年,max52111.txt
岐阜県,栃尾,寡照年,min52111.txt
岐阜県,高山,平均年,mea52146.txt
岐阜県,高山,多照年,max52146.txt
岐阜県,高山,寡照年,min52146.txt
岐阜県,六厩,平均年,mea52181.txt
岐阜県,六厩,多照年,max52181.txt
岐阜県,六厩,寡照年,min52181.txt
岐阜県,宮之前,平均年,mea52196.txt
岐阜県,宮之前,多照年,max52196.txt
岐阜県,宮之前,寡照年,min52196.txt
岐阜県,長滝,平均年,mea52221.txt
岐阜県,長滝,多照年,max52221.txt
岐阜県,長滝,寡照年,min52221.txt
岐阜県,萩原,平均年,mea52286.txt
岐阜県,萩原,多照年,max52286.txt
岐阜県,萩原,寡照年,min52286.txt
岐阜県,八幡,平均年,mea52331.txt
岐阜県,八幡,多照年,max52331.txt
岐阜県,八幡,寡照年,min52331.txt
岐阜県,宮地,平均年,mea52346.txt
岐阜県,宮地,多照年,max52346.txt
岐阜県,宮地,寡照年,min52346.txt
岐阜県,樽見,平均年,mea52381.txt
岐阜県,樽見,多照年,max52381.txt
岐阜県,樽見,寡照年,min52381.txt
岐阜県,金山,平均年,mea52406.txt
岐阜県,金山,多照年,max52406.txt
岐阜県,金山,寡照年,min52406.txt
岐阜県,美濃,平均年,mea52461.txt
岐阜県,美濃,多照年,max52461.txt
岐阜県,美濃,寡照年,min52461.txt
岐阜県,黒川,平均年,mea52482.txt
岐阜県,黒川,多照年,max52482.txt
岐阜県,黒川,寡照年,min52482.txt
岐阜県,揖斐川,平均年,mea52511.txt
岐阜県,揖斐川,多照年,max52511.txt
岐阜県,揖斐川,寡照年,min52511.txt
岐阜県,美濃加茂,平均年,mea52536.txt
岐阜県,美濃加茂,多照年,max52536.txt
岐阜県,美濃加茂,寡照年,min52536.txt
岐阜県,恵那,平均年,mea52556.txt
岐阜県,恵那,多照年,max52556.txt
岐阜県,恵那,寡照年,min52556.txt
岐阜県,中津川,平均年,mea52561.txt
岐阜県,中津川,多照年,max52561.txt
岐阜県,中津川,寡照年,min52561.txt
岐阜県,関ケ原,平均年,mea52571.txt
岐阜県,関ケ原,多照年,max52571.txt
岐阜県,関ケ原,寡照年,min52571.txt
岐阜県,大垣,平均年,mea52581.txt
岐阜県,大垣,多照年,max52581.txt
岐阜県,大垣,寡照年,min52581.txt
岐阜県,岐阜,平均年,mea52586.txt
岐阜県,岐阜,多照年,max52586.txt
岐阜県,岐阜,寡照年,min52586.txt
岐阜県,多治見,平均年,mea52606.txt
岐阜県,多治見,多照年,max52606.txt
岐阜県,多治見,寡照年,min52606.txt
三重県,桑名,平均年,mea53041.txt
三重県,桑名,多照年,max53041.txt
三重県,桑名,寡照年,min53041.txt
三重県,四日市,平均年,mea53061.txt
三重県,四日市,多照年,max53061.txt
三重県,四日市,寡照年,min53061.txt
三重県,亀山,平均年,mea53091.txt
三重県,亀山,多照年,max53091.txt
三重県,亀山,寡照年,min53091.txt
三重県,上野,平均年,mea53112.txt
三重県,上野,多照年,max53112.txt
三重県,上野,寡照年,min53112.txt
三重県,津,平均年,mea53132.txt
三重県,津,多照年,max53132.txt
三重県,津,寡照年,min53132.txt
三重県,小俣,平均年,mea53196.txt
三重県,小俣,多照年,max53196.txt
三重県,小俣,寡照年,min53196.txt
三重県,粥見,平均年,mea53231.txt
三重県,粥見,多照年,max53231.txt
三重県,粥見,寡照年,min53231.txt
三重県,鳥羽,平均年,mea53257.txt
三重県,鳥羽,多照年,max53257.txt
三重県,鳥羽,寡照年,min53257.txt
三重県,南伊勢,平均年,mea53296.txt
三重県,南伊勢,多照年,max53296.txt
三重県,南伊勢,寡照年,min53296.txt
三重県,紀伊長島,平均年,mea53326.txt
三重県,紀伊長島,多照年,max53326.txt
三重県,紀伊長島,寡照年,min53326.txt
三重県,尾鷲,平均年,mea53378.txt
三重県,尾鷲,多照年,max53378.txt
三重県,尾鷲,寡照年,min53378.txt
三重県,熊野新鹿,平均年,mea53401.txt
三重県,熊野新鹿,多照年,max53401.txt
三重県,熊野新鹿,寡照年,min53401.txt
新潟県,粟島,平均年,mea54011.txt
新潟県,粟島,多照年,max54011.txt
新潟県,粟島,寡照年,min54011.txt
新潟県,弾崎,平均年,mea54041.txt
新潟県,弾崎,多照年,max54041.txt
新潟県,弾崎,寡照年,min54041.txt
新潟県,村上,平均年,mea54086.txt
新潟県,村上,多照年,max54086.txt
新潟県,村上,寡照年,min54086.txt
新潟県,相川,平均年,mea54157.txt
新潟県,相川,多照年,max54157.txt
新潟県,相川,寡照年,min54157.txt
新潟県,両津,平均年,mea54166.txt
新潟県,両津,多照年,max54166.txt
新潟県,両津,寡照年,min54166.txt
新潟県,中条,平均年,mea54181.txt
新潟県,中条,多照年,max54181.txt
新潟県,中条,寡照年,min54181.txt
新潟県,下関,平均年,mea54191.txt
新潟県,下関,多照年,max54191.txt
新潟県,下関,寡照年,min54191.txt
新潟県,新潟,平均年,mea54232.txt
新潟県,新潟,多照年,max54232.txt
新潟県,新潟,寡照年,min54232.txt
新潟県,羽茂,平均年,mea54271.txt
新潟県,羽茂,多照年,max54271.txt
新潟県,羽茂,寡照年,min54271.txt
新潟県,新津,平均年,mea54296.txt
新潟県,新津,多照年,max54296.txt
新潟県,新津,寡照年,min54296.txt
新潟県,巻,平均年,mea54341.txt
新潟県,巻,多照年,max54341.txt
新潟県,巻,寡照年,min54341.txt
新潟県,寺泊,平均年,mea54387.txt
新潟県,寺泊,多照年,max54387.txt
新潟県,寺泊,寡照年,min54387.txt
新潟県,三条,平均年,mea54396.txt
新潟県,三条,多照年,max54396.txt
新潟県,三条,寡照年,min54396.txt
新潟県,津川,平均年,mea54421.txt
新潟県,津川,多照年,max54421.txt
新潟県,津川,寡照年,min54421.txt
新潟県,長岡,平均年,mea54501.txt
新潟県,長岡,多照年,max54501.txt
新潟県,長岡,寡照年,min54501.txt
新潟県,柏崎,平均年,mea54541.txt
新潟県,柏崎,多照年,max54541.txt
新潟県,柏崎,寡照年,min54541.txt
新潟県,入広瀬,平均年,mea54566.txt
新潟県,入広瀬,多照年,max54566.txt
新潟県,入広瀬,寡照年,min54566.txt
新潟県,大潟,平均年,mea54586.txt
新潟県,大潟,多照年,max54586.txt
新潟県,大潟,寡照年,min54586.txt
新潟県,小出,平均年,mea54616.txt
新潟県,小出,多照年,max54616.txt
新潟県,小出,寡照年,min54616.txt
新潟県,高田,平均年,mea54651.txt
新潟県,高田,多照年,max54651.txt
新潟県,高田,寡照年,min54651.txt
新潟県,安塚,平均年,mea54661.txt
新潟県,安塚,多照年,max54661.txt
新潟県,安塚,寡照年,min54661.txt
新潟県,十日町,平均年,mea54676.txt
新潟県,十日町,多照年,max54676.txt
新潟県,十日町,寡照年,min54676.txt
新潟県,糸魚川,平均年,mea54711.txt
新潟県,糸魚川,多照年,max54711.txt
新潟県,糸魚川,寡照年,min54711.txt
新潟県,能生,平均年,mea54721.txt
新潟県,能生,多照年,max54721.txt
新潟県,能生,寡照年,min54721.txt
新潟県,関山,平均年,mea54816.txt
新潟県,関山,多照年,max54816.txt
新潟県,関山,寡照年,min54816.txt
新潟県,津南,平均年,mea54836.txt
新潟県,津南,多照年,max54836.txt
新潟県,津南,寡照年,min54836.txt
新潟県,湯沢,平均年,mea54841.txt
新潟県,湯沢,多照年,max54841.txt
新潟県,湯沢,寡照年,min54841.txt
富山県,泊,平均年,mea55021.txt
富山県,泊,多照年,max55021.txt
富山県,泊,寡照年,min55021.txt
富山県,氷見,平均年,mea55041.txt
富山県,氷見,多照年,max55041.txt
富山県,氷見,寡照年,min55041.txt
富山県,魚津,平均年,mea55056.txt
富山県,魚津,多照年,max55056.txt
富山県,魚津,寡照年,min55056.txt
富山県,伏木,平均年,mea55091.txt
富山県,伏木,多照年,max55091.txt
富山県,伏木,寡照年,min55091.txt
富山県,富山,平均年,mea55102.txt
富山県,富山,多照年,max55102.txt
富山県,富山,寡照年,min55102.txt
富山県,砺波,平均年,mea55141.txt
富山県,砺波,多照年,max55141.txt
富山県,砺波,寡照年,min55141.txt
富山県,上市,平均年,mea55166.txt
富山県,上市,多照年,max55166.txt
富山県,上市,寡照年,min55166.txt
富山県,南砺高宮,平均年,mea55191.txt
富山県,南砺高宮,多照年,max55191.txt
富山県,南砺高宮,寡照年,min55191.txt
富山県,八尾,平均年,mea55206.txt
富山県,八尾,多照年,max55206.txt
富山県,八尾,寡照年,min55206.txt
石川県,珠洲,平均年,mea56036.txt
石川県,珠洲,多照年,max56036.txt
石川県,珠洲,寡照年,min56036.txt
石川県,輪島,平均年,mea56052.txt
石川県,輪島,多照年,max56052.txt
石川県,輪島,寡照年,min56052.txt
石川県,志賀,平均年,mea56116.txt
石川県,志賀,多照年,max56116.txt
石川県,志賀,寡照年,min56116.txt
石川県,七尾,平均年,mea56146.txt
石川県,七尾,多照年,max56146.txt
石川県,七尾,寡照年,min56146.txt
石川県,羽咋,平均年,mea56176.txt
石川県,羽咋,多照年,max56176.txt
石川県,羽咋,寡照年,min56176.txt
石川県,かほく,平均年,mea56186.txt
石川県,かほく,多照年,max56186.txt
石川県,かほく,寡照年,min56186.txt
石川県,金沢,平均年,mea56227.txt
石川県,金沢,多照年,max56227.txt
石川県,金沢,寡照年,min56227.txt
石川県,小松,平均年,mea56276.txt
石川県,小松,多照年,max56276.txt
石川県,小松,寡照年,min56276.txt
石川県,白山吉野,平均年,mea56286.txt
石川県,白山吉野,多照年,max56286.txt
石川県,白山吉野,寡照年,min56286.txt
石川県,栢野,平均年,mea56301.txt
石川県,栢野,多照年,max56301.txt
石川県,栢野,寡照年,min56301.txt
福井県,三国,平均年,mea57001.txt
福井県,三国,多照年,max57001.txt
福井県,三国,寡照年,min57001.txt
福井県,越廼,平均年,mea57051.txt
福井県,越廼,多照年,max57051.txt
福井県,越廼,寡照年,min57051.txt
福井県,福井,平均年,mea57066.txt
福井県,福井,多照年,max57066.txt
福井県,福井,寡照年,min57066.txt
福井県,勝山,平均年,mea57082.txt
福井県,勝山,多照年,max57082.txt
福井県,勝山,寡照年,min57082.txt
福井県,大野,平均年,mea57121.txt
福井県,大野,多照年,max57121.txt
福井県,大野,寡照年,min57121.txt
福井県,今庄,平均年,mea57206.txt
福井県,今庄,多照年,max57206.txt
福井県,今庄,寡照年,min57206.txt
福井県,敦賀,平均年,mea57248.txt
福井県,敦賀,多照年,max57248.txt
福井県,敦賀,寡照年,min57248.txt
福井県,美浜,平均年,mea57286.txt
福井県,美浜,多照年,max57286.txt
福井県,美浜,寡照年,min57286.txt
福井県,小浜,平均年,mea57317.txt
福井県,小浜,多照年,max57317.txt
福井県,小浜,寡照年,min57317.txt
滋賀県,今津,平均年,mea60051.txt
滋賀県,今津,多照年,max60051.txt
滋賀県,今津,寡照年,min60051.txt
滋賀県,長浜,平均年,mea60061.txt
滋賀県,長浜,多照年,max60061.txt
滋賀県,長浜,寡照年,min60061.txt
滋賀県,南小松,平均年,mea60116.txt
滋賀県,南小松,多照年,max60116.txt
滋賀県,南小松,寡照年,min60116.txt
滋賀県,彦根,平均年,mea60131.txt
滋賀県,彦根,多照年,max60131.txt
滋賀県,彦根,寡照年,min60131.txt
滋賀県,東近江,平均年,mea60196.txt
滋賀県,東近江,多照年,max60196.txt
滋賀県,東近江,寡照年,min60196.txt
滋賀県,大津,平均年,mea60216.txt
滋賀県,大津,多照年,max60216.txt
滋賀県,大津,寡照年,min60216.txt
滋賀県,信楽,平均年,mea60226.txt
滋賀県,信楽,多照年,max60226.txt
滋賀県,信楽,寡照年,min60226.txt
滋賀県,土山,平均年,mea60236.txt
滋賀県,土山,多照年,max60236.txt
滋賀県,土山,寡照年,min60236.txt
京都府,間人,平均年,mea61001.txt
京都府,間人,多照年,max61001.txt
京都府,間人,寡照年,min61001.txt
京都府,宮津,平均年,mea61076.txt
京都府,宮津,多照年,max61076.txt
京都府,宮津,寡照年,min61076.txt
京都府,舞鶴,平均年,mea61111.txt
京都府,舞鶴,多照年,max61111.txt
京都府,舞鶴,寡照年,min61111.txt
京都府,福知山,平均年,mea61187.txt
京都府,福知山,多照年,max61187.txt
京都府,福知山,寡照年,min61187.txt
京都府,美山,平均年,mea61206.txt
京都府,美山,多照年,max61206.txt
京都府,美山,寡照年,min61206.txt
京都府,園部,平均年,mea61242.txt
京都府,園部,多照年,max61242.txt
京都府,園部,寡照年,min61242.txt
京都府,京都,平均年,mea61286.txt
京都府,京都,多照年,max61286.txt
京都府,京都,寡照年,min61286.txt
京都府,京田辺,平均年,mea61326.txt
京都府,京田辺,多照年,max61326.txt
京都府,京田辺,寡照年,min61326.txt
大阪府,能勢,平均年,mea62016.txt
大阪府,能勢,多照年,max62016.txt
大阪府,能勢,寡照年,min62016.txt
大阪府,枚方,平均年,mea62046.txt
大阪府,枚方,多照年,max62046.txt
大阪府,枚方,寡照年,min62046.txt
大阪府,大阪,平均年,mea62078.txt
大阪府,大阪,多照年,max62078.txt
大阪府,大阪,寡照年,min62078.txt
大阪府,生駒山,平均年,mea62081.txt
大阪府,生駒山,多照年,max62081.txt
大阪府,生駒山,寡照年,min62081.txt
大阪府,堺,平均年,mea62091.txt
大阪府,堺,多照年,max62091.txt
大阪府,堺,寡照年,min62091.txt
大阪府,熊取,平均年,mea62131.txt
大阪府,熊取,多照年,max62131.txt
大阪府,熊取,寡照年,min62131.txt
兵庫県,香住,平均年,mea63016.txt
兵庫県,香住,多照年,max63016.txt
兵庫県,香住,寡照年,min63016.txt
兵庫県,豊岡,平均年,mea63051.txt
兵庫県,豊岡,多照年,max63051.txt
兵庫県,豊岡,寡照年,min63051.txt
兵庫県,兎和野高原,平均年,mea63071.txt
兵庫県,兎和野高原,多照年,max63071.txt
兵庫県,兎和野高原,寡照年,min63071.txt
兵庫県,和田山,平均年,mea63121.txt
兵庫県,和田山,多照年,max63121.txt
兵庫県,和田山,寡照年,min63121.txt
兵庫県,生野,平均年,mea63201.txt
兵庫県,生野,多照年,max63201.txt
兵庫県,生野,寡照年,min63201.txt
兵庫県,柏原,平均年,mea63216.txt
兵庫県,柏原,多照年,max63216.txt
兵庫県,柏原,寡照年,min63216.txt
兵庫県,一宮,平均年,mea63251.txt
兵庫県,一宮,多照年,max63251.txt
兵庫県,一宮,寡照年,min63251.txt
兵庫県,福崎,平均年,mea63321.txt
兵庫県,福崎,多照年,max63321.txt
兵庫県,福崎,寡照年,min63321.txt
兵庫県,西脇,平均年,mea63331.txt
兵庫県,西脇,多照年,max63331.txt
兵庫県,西脇,寡照年,min63331.txt
兵庫県,上郡,平均年,mea63366.txt
兵庫県,上郡,多照年,max63366.txt
兵庫県,上郡,寡照年,min63366.txt
兵庫県,姫路,平均年,mea63383.txt
兵庫県,姫路,多照年,max63383.txt
兵庫県,姫路,寡照年,min63383.txt
兵庫県,三田,平均年,mea63411.txt
兵庫県,三田,多照年,max63411.txt
兵庫県,三田,寡照年,min63411.txt
兵庫県,三木,平均年,mea63461.txt
兵庫県,三木,多照年,max63461.txt
兵庫県,三木,寡照年,min63461.txt
兵庫県,家島,平均年,mea63491.txt
兵庫県,家島,多照年,max63491.txt
兵庫県,家島,寡照年,min63491.txt
兵庫県,明石,平均年,mea63496.txt
兵庫県,明石,多照年,max63496.txt
兵庫県,明石,寡照年,min63496.txt
兵庫県,神戸,平均年,mea63518.txt
兵庫県,神戸,多照年,max63518.txt
兵庫県,神戸,寡照年,min63518.txt
兵庫県,郡家,平均年,mea63551.txt
兵庫県,郡家,多照年,max63551.txt
兵庫県,郡家,寡照年,min63551.txt
兵庫県,洲本,平均年,mea63576.txt
兵庫県,洲本,多照年,max63576.txt
兵庫県,洲本,寡照年,min63576.txt
兵庫県,南淡,平均年,mea63588.txt
兵庫県,南淡,多照年,max63588.txt
兵庫県,南淡,寡照年,min63588.txt
奈良県,奈良,平均年,mea64036.txt
奈良県,奈良,多照年,max64036.txt
奈良県,奈良,寡照年,min64036.txt
奈良県,針,平均年,mea64041.txt
奈良県,針,多照年,max64041.txt
奈良県,針,寡照年,min64041.txt
奈良県,大宇陀,平均年,mea64101.txt
奈良県,大宇陀,多照年,max64101.txt
奈良県,大宇陀,寡照年,min64101.txt
奈良県,五條,平均年,mea64127.txt
奈良県,五條,多照年,max64127.txt
奈良県,五條,寡照年,min64127.txt
奈良県,上北山,平均年,mea64206.txt
奈良県,上北山,多照年,max64206.txt
奈良県,上北山,寡照年,min64206.txt
奈良県,風屋,平均年,mea64227.txt
奈良県,風屋,多照年,max64227.txt
奈良県,風屋,寡照年,min64227.txt
和歌山県,かつらぎ,平均年,mea65026.txt
和歌山県,かつらぎ,多照年,max65026.txt
和歌山県,かつらぎ,寡照年,min65026.txt
和歌山県,和歌山,平均年,mea65042.txt
和歌山県,和歌山,多照年,max65042.txt
和歌山県,和歌山,寡照年,min65042.txt
和歌山県,高野山,平均年,mea65061.txt
和歌山県,高野山,多照年,max65061.txt
和歌山県,高野山,寡照年,min65061.txt
和歌山県,清水,平均年,mea65121.txt
和歌山県,清水,多照年,max65121.txt
和歌山県,清水,寡照年,min65121.txt
和歌山県,龍神,平均年,mea65162.txt
和歌山県,龍神,多照年,max65162.txt
和歌山県,龍神,寡照年,min65162.txt
和歌山県,川辺,平均年,mea65201.txt
和歌山県,川辺,多照年,max65201.txt
和歌山県,川辺,寡照年,min65201.txt
和歌山県,栗栖川,平均年,mea65256.txt
和歌山県,栗栖川,多照年,max65256.txt
和歌山県,栗栖川,寡照年,min65256.txt
和歌山県,新宮,平均年,mea65276.txt
和歌山県,新宮,多照年,max65276.txt
和歌山県,新宮,寡照年,min65276.txt
和歌山県,白浜,平均年,mea65287.txt
和歌山県,白浜,多照年,max65287.txt
和歌山県,白浜,寡照年,min65287.txt
和歌山県,西川,平均年,mea65306.txt
和歌山県,西川,多照年,max65306.txt
和歌山県,西川,寡照年,min65306.txt
和歌山県,潮岬,平均年,mea65356.txt
和歌山県,潮岬,多照年,max65356.txt
和歌山県,潮岬,寡照年,min65356.txt
岡山県,上長田,平均年,mea66046.txt
岡山県,上長田,多照年,max66046.txt
岡山県,上長田,寡照年,min66046.txt
岡山県,千屋,平均年,mea66091.txt
岡山県,千屋,多照年,max66091.txt
岡山県,千屋,寡照年,min66091.txt
岡山県,奈義,平均年,mea66127.txt
岡山県,奈義,多照年,max66127.txt
岡山県,奈義,寡照年,min66127.txt
岡山県,今岡,平均年,mea66136.txt
岡山県,今岡,多照年,max66136.txt
岡山県,今岡,寡照年,min66136.txt
岡山県,久世,平均年,mea66171.txt
岡山県,久世,多照年,max66171.txt
岡山県,久世,寡照年,min66171.txt
岡山県,津山,平均年,mea66186.txt
岡山県,津山,多照年,max66186.txt
岡山県,津山,寡照年,min66186.txt
岡山県,新見,平均年,mea66221.txt
岡山県,新見,多照年,max66221.txt
岡山県,新見,寡照年,min66221.txt
岡山県,福渡,平均年,mea66296.txt
岡山県,福渡,多照年,max66296.txt
岡山県,福渡,寡照年,min66296.txt
岡山県,和気,平均年,mea66306.txt
岡山県,和気,多照年,max66306.txt
岡山県,和気,寡照年,min66306.txt
岡山県,高梁,平均年,mea66336.txt
岡山県,高梁,多照年,max66336.txt
岡山県,高梁,寡照年,min66336.txt
岡山県,岡山,平均年,mea66408.txt
岡山県,岡山,多照年,max66408.txt
岡山県,岡山,寡照年,min66408.txt
岡山県,虫明,平均年,mea66421.txt
岡山県,虫明,多照年,max66421.txt
岡山県,虫明,寡照年,min66421.txt
岡山県,倉敷,平均年,mea66446.txt
岡山県,倉敷,多照年,max66446.txt
岡山県,倉敷,寡照年,min66446.txt
岡山県,笠岡,平均年,mea66481.txt
岡山県,笠岡,多照年,max66481.txt
岡山県,笠岡,寡照年,min66481.txt
岡山県,玉野,平均年,mea66501.txt
岡山県,玉野,多照年,max66501.txt
岡山県,玉野,寡照年,min66501.txt
広島県,高野,平均年,mea67016.txt
広島県,高野,多照年,max67016.txt
広島県,高野,寡照年,min67016.txt
広島県,三次,平均年,mea67106.txt
広島県,三次,多照年,max67106.txt
広島県,三次,寡照年,min67106.txt
広島県,庄原,平均年,mea67116.txt
広島県,庄原,多照年,max67116.txt
広島県,庄原,寡照年,min67116.txt
広島県,大朝,平均年,mea67151.txt
広島県,大朝,多照年,max67151.txt
広島県,大朝,寡照年,min67151.txt
広島県,油木,平均年,mea67191.txt
広島県,油木,多照年,max67191.txt
広島県,油木,寡照年,min67191.txt
広島県,加計,平均年,mea67212.txt
広島県,加計,多照年,max67212.txt
広島県,加計,寡照年,min67212.txt
広島県,三入,平均年,mea67292.txt
広島県,三入,多照年,max67292.txt
広島県,三入,寡照年,min67292.txt
広島県,世羅,平均年,mea67316.txt
広島県,世羅,多照年,max67316.txt
広島県,世羅,寡照年,min67316.txt
広島県,府中,平均年,mea67326.txt
広島県,府中,多照年,max67326.txt
広島県,府中,寡照年,min67326.txt
広島県,東広島,平均年,mea67376.txt
広島県,東広島,多照年,max67376.txt
広島県,東広島,寡照年,min67376.txt
広島県,福山,平均年,mea67401.txt
広島県,福山,多照年,max67401.txt
広島県,福山,寡照年,min67401.txt
広島県,廿日市津田,平均年,mea67421.txt
広島県,廿日市津田,多照年,max67421.txt
広島県,廿日市津田,寡照年,min67421.txt
広島県,広島,平均年,mea67437.txt
広島県,広島,多照年,max67437.txt
広島県,広島,寡照年,min67437.txt
広島県,竹原,平均年,mea67461.txt
広島県,竹原,多照年,max67461.txt
広島県,竹原,寡照年,min67461.txt
広島県,生口島,平均年,mea67471.txt
広島県,生口島,多照年,max67471.txt
広島県,生口島,寡照年,min67471.txt
広島県,大竹,平均年,mea67496.txt
広島県,大竹,多照年,max67496.txt
広島県,大竹,寡照年,min67496.txt
広島県,呉,平均年,mea67511.txt
広島県,呉,多照年,max67511.txt
広島県,呉,寡照年,min67511.txt
広島県,呉市蒲刈,平均年,mea67576.txt
広島県,呉市蒲刈,多照年,max67576.txt
広島県,呉市蒲刈,寡照年,min67576.txt
島根県,西郷,平均年,mea68022.txt
島根県,西郷,多照年,max68022.txt
島根県,西郷,寡照年,min68022.txt
島根県,海士,平均年,mea68056.txt
島根県,海士,多照年,max68056.txt
島根県,海士,寡照年,min68056.txt
島根県,鹿島,平均年,mea68091.txt
島根県,鹿島,多照年,max68091.txt
島根県,鹿島,寡照年,min68091.txt
島根県,松江,平均年,mea68132.txt
島根県,松江,多照年,max68132.txt
島根県,松江,寡照年,min68132.txt
島根県,出雲,平均年,mea68156.txt
島根県,出雲,多照年,max68156.txt
島根県,出雲,寡照年,min68156.txt
島根県,大田,平均年,mea68246.txt
島根県,大田,多照年,max68246.txt
島根県,大田,寡照年,min68246.txt
島根県,掛合,平均年,mea68261.txt
島根県,掛合,多照年,max68261.txt
島根県,掛合,寡照年,min68261.txt
島根県,横田,平均年,mea68276.txt
島根県,横田,多照年,max68276.txt
島根県,横田,寡照年,min68276.txt
島根県,赤名,平均年,mea68306.txt
島根県,赤名,多照年,max68306.txt
島根県,赤名,寡照年,min68306.txt
島根県,川本,平均年,mea68351.txt
島根県,川本,多照年,max68351.txt
島根県,川本,寡照年,min68351.txt
島根県,浜田,平均年,mea68376.txt
島根県,浜田,多照年,max68376.txt
島根県,浜田,寡照年,min68376.txt
島根県,瑞穂,平均年,mea68401.txt
島根県,瑞穂,多照年,max68401.txt
島根県,瑞穂,寡照年,min68401.txt
島根県,弥栄,平均年,mea68431.txt
島根県,弥栄,多照年,max68431.txt
島根県,弥栄,寡照年,min68431.txt
島根県,益田,平均年,mea68462.txt
島根県,益田,多照年,max68462.txt
島根県,益田,寡照年,min68462.txt
島根県,津和野,平均年,mea68516.txt
島根県,津和野,多照年,max68516.txt
島根県,津和野,寡照年,min68516.txt
島根県,吉賀,平均年,mea68541.txt
島根県,吉賀,多照年,max68541.txt
島根県,吉賀,寡照年,min68541.txt
鳥取県,境,平均年,mea69006.txt
鳥取県,境,多照年,max69006.txt
鳥取県,境,寡照年,min69006.txt
鳥取県,塩津,平均年,mea69021.txt
鳥取県,塩津,多照年,max69021.txt
鳥取県,塩津,寡照年,min69021.txt
鳥取県,青谷,平均年,mea69041.txt
鳥取県,青谷,多照年,max69041.txt
鳥取県,青谷,寡照年,min69041.txt
鳥取県,岩井,平均年,mea69061.txt
鳥取県,岩井,多照年,max69061.txt
鳥取県,岩井,寡照年,min69061.txt
鳥取県,米子,平均年,mea69076.txt
鳥取県,米子,多照年,max69076.txt
鳥取県,米子,寡照年,min69076.txt
鳥取県,倉吉,平均年,mea69101.txt
鳥取県,倉吉,多照年,max69101.txt
鳥取県,倉吉,寡照年,min69101.txt
鳥取県,鳥取,平均年,mea69122.txt
鳥取県,鳥取,多照年,max69122.txt
鳥取県,鳥取,寡照年,min69122.txt
鳥取県,智頭,平均年,mea69246.txt
鳥取県,智頭,多照年,max69246.txt
鳥取県,智頭,寡照年,min69246.txt
鳥取県,茶屋,平均年,mea69271.txt
鳥取県,茶屋,多照年,max69271.txt
鳥取県,茶屋,寡照年,min69271.txt
徳島県,池田,平均年,mea71066.txt
徳島県,池田,多照年,max71066.txt
徳島県,池田,寡照年,min71066.txt
徳島県,穴吹,平均年,mea71087.txt
徳島県,穴吹,多照年,max71087.txt
徳島県,穴吹,寡照年,min71087.txt
徳島県,徳島,平均年,mea71106.txt
徳島県,徳島,多照年,max71106.txt
徳島県,徳島,寡照年,min71106.txt
徳島県,京上,平均年,mea71191.txt
徳島県,京上,多照年,max71191.txt
徳島県,京上,寡照年,min71191.txt
徳島県,蒲生田,平均年,mea71231.txt
徳島県,蒲生田,多照年,max71231.txt
徳島県,蒲生田,寡照年,min71231.txt
徳島県,木頭,平均年,mea71251.txt
徳島県,木頭,多照年,max71251.txt
徳島県,木頭,寡照年,min71251.txt
徳島県,日和佐,平均年,mea71266.txt
徳島県,日和佐,多照年,max71266.txt
徳島県,日和佐,寡照年,min71266.txt
徳島県,海陽,平均年,mea71291.txt
徳島県,海陽,多照年,max71291.txt
徳島県,海陽,寡照年,min71291.txt
香川県,内海,平均年,mea72061.txt
香川県,内海,多照年,max72061.txt
香川県,内海,寡照年,min72061.txt
香川県,高松,平均年,mea72086.txt
香川県,高松,多照年,max72086.txt
香川県,高松,寡照年,min72086.txt
香川県,多度津,平均年,mea72111.txt
香川県,多度津,多照年,max72111.txt
香川県,多度津,寡照年,min72111.txt
香川県,滝宮,平均年,mea72121.txt
香川県,滝宮,多照年,max72121.txt
香川県,滝宮,寡照年,min72121.txt
香川県,引田,平均年,mea72146.txt
香川県,引田,多照年,max72146.txt
香川県,引田,寡照年,min72146.txt
香川県,財田,平均年,mea72161.txt
香川県,財田,多照年,max72161.txt
香川県,財田,寡照年,min72161.txt
愛媛県,大三島,平均年,mea73001.txt
愛媛県,大三島,多照年,max73001.txt
愛媛県,大三島,寡照年,min73001.txt
愛媛県,今治,平均年,mea73076.txt
愛媛県,今治,多照年,max73076.txt
愛媛県,今治,寡照年,min73076.txt
愛媛県,西条,平均年,mea73126.txt
愛媛県,西条,多照年,max73126.txt
愛媛県,西条,寡照年,min73126.txt
愛媛県,新居浜,平均年,mea73136.txt
愛媛県,新居浜,多照年,max73136.txt
愛媛県,新居浜,寡照年,min73136.txt
愛媛県,四国中央,平均年,mea73151.txt
愛媛県,四国中央,多照年,max73151.txt
愛媛県,四国中央,寡照年,min73151.txt
愛媛県,松山,平均年,mea73166.txt
愛媛県,松山,多照年,max73166.txt
愛媛県,松山,寡照年,min73166.txt
愛媛県,長浜,平均年,mea73256.txt
愛媛県,長浜,多照年,max73256.txt
愛媛県,長浜,寡照年,min73256.txt
愛媛県,久万,平均年,mea73276.txt
愛媛県,久万,多照年,max73276.txt
愛媛県,久万,寡照年,min73276.txt
愛媛県,大洲,平均年,mea73306.txt
愛媛県,大洲,多照年,max73306.txt
愛媛県,大洲,寡照年,min73306.txt
愛媛県,瀬戸,平均年,mea73341.txt
愛媛県,瀬戸,多照年,max73341.txt
愛媛県,瀬戸,寡照年,min73341.txt
愛媛県,宇和,平均年,mea73406.txt
愛媛県,宇和,多照年,max73406.txt
愛媛県,宇和,寡照年,min73406.txt
愛媛県,宇和島,平均年,mea73442.txt
愛媛県,宇和島,多照年,max73442.txt
愛媛県,宇和島,寡照年,min73442.txt
愛媛県,近永,平均年,mea73446.txt
愛媛県,近永,多照年,max73446.txt
愛媛県,近永,寡照年,min73446.txt
愛媛県,御荘,平均年,mea73516.txt
愛媛県,御荘,多照年,max73516.txt
愛媛県,御荘,寡照年,min73516.txt
高知県,本山,平均年,mea74071.txt
高知県,本山,多照年,max74071.txt
高知県,本山,寡照年,min74071.txt
高知県,大栃,平均年,mea74136.txt
高知県,大栃,多照年,max74136.txt
高知県,大栃,寡照年,min74136.txt
高知県,高知,平均年,mea74181.txt
高知県,高知,多照年,max74181.txt
高知県,高知,寡照年,min74181.txt
高知県,後免,平均年,mea74187.txt
高知県,後免,多照年,max74187.txt
高知県,後免,寡照年,min74187.txt
高知県,安芸,平均年,mea74271.txt
高知県,安芸,多照年,max74271.txt
高知県,安芸,寡照年,min74271.txt
高知県,梼原,平均年,mea74296.txt
高知県,梼原,多照年,max74296.txt
高知県,梼原,寡照年,min74296.txt
高知県,須崎,平均年,mea74311.txt
高知県,須崎,多照年,max74311.txt
高知県,須崎,寡照年,min74311.txt
高知県,窪川,平均年,mea74361.txt
高知県,窪川,多照年,max74361.txt
高知県,窪川,寡照年,min74361.txt
高知県,室戸岬,平均年,mea74372.txt
高知県,室戸岬,多照年,max74372.txt
高知県,室戸岬,寡照年,min74372.txt
高知県,江川崎,平均年,mea74381.txt
高知県,江川崎,多照年,max74381.txt
高知県,江川崎,寡照年,min74381.txt
高知県,佐賀,平均年,mea74436.txt
高知県,佐賀,多照年,max74436.txt
高知県,佐賀,寡照年,min74436.txt
高知県,宿毛,平均年,mea74447.txt
高知県,宿毛,多照年,max74447.txt
高知県,宿毛,寡照年,min74447.txt
高知県,中村,平均年,mea74456.txt
高知県,中村,多照年,max74456.txt
高知県,中村,寡照年,min74456.txt
高知県,清水,平均年,mea74516.txt
高知県,清水,多照年,max74516.txt
高知県,清水,寡照年,min74516.txt
山口県,須佐,平均年,mea81011.txt
山口県,須佐,多照年,max81011.txt
山口県,須佐,寡照年,min81011.txt
山口県,萩,平均年,mea81071.txt
山口県,萩,多照年,max81071.txt
山口県,萩,寡照年,min81071.txt
山口県,油谷,平均年,mea81116.txt
山口県,油谷,多照年,max81116.txt
山口県,油谷,寡照年,min81116.txt
山口県,徳佐,平均年,mea81151.txt
山口県,徳佐,多照年,max81151.txt
山口県,徳佐,寡照年,min81151.txt
山口県,秋吉台,平均年,mea81196.txt
山口県,秋吉台,多照年,max81196.txt
山口県,秋吉台,寡照年,min81196.txt
山口県,広瀬,平均年,mea81231.txt
山口県,広瀬,多照年,max81231.txt
山口県,広瀬,寡照年,min81231.txt
山口県,豊田,平均年,mea81266.txt
山口県,豊田,多照年,max81266.txt
山口県,豊田,寡照年,min81266.txt
山口県,山口,平均年,mea81286.txt
山口県,山口,多照年,max81286.txt
山口県,山口,寡照年,min81286.txt
山口県,岩国,平均年,mea81321.txt
山口県,岩国,多照年,max81321.txt
山口県,岩国,寡照年,min81321.txt
山口県,防府,平均年,mea81371.txt
山口県,防府,多照年,max81371.txt
山口県,防府,寡照年,min81371.txt
山口県,下松,平均年,mea81386.txt
山口県,下松,多照年,max81386.txt
山口県,下松,寡照年,min81386.txt
山口県,玖珂,平均年,mea81397.txt
山口県,玖珂,多照年,max81397.txt
山口県,玖珂,寡照年,min81397.txt
山口県,下関,平均年,mea81428.txt
山口県,下関,多照年,max81428.txt
山口県,下関,寡照年,min81428.txt
山口県,柳井,平均年,mea81481.txt
山口県,柳井,多照年,max81481.txt
山口県,柳井,寡照年,min81481.txt
山口県,安下庄,平均年,mea81486.txt
山口県,安下庄,多照年,max81486.txt
山口県,安下庄,寡照年,min81486.txt
福岡県,宗像,平均年,mea82046.txt
福岡県,宗像,多照年,max82046.txt
福岡県,宗像,寡照年,min82046.txt
福岡県,八幡,平均年,mea82056.txt
福岡県,八幡,多照年,max82056.txt
福岡県,八幡,寡照年,min82056.txt
福岡県,行橋,平均年,mea82101.txt
福岡県,行橋,多照年,max82101.txt
福岡県,行橋,寡照年,min82101.txt
福岡県,飯塚,平均年,mea82136.txt
福岡県,飯塚,多照年,max82136.txt
福岡県,飯塚,寡照年,min82136.txt
福岡県,前原,平均年,mea82171.txt
福岡県,前原,多照年,max82171.txt
福岡県,前原,寡照年,min82171.txt
福岡県,福岡,平均年,mea82182.txt
福岡県,福岡,多照年,max82182.txt
福岡県,福岡,寡照年,min82182.txt
福岡県,太宰府,平均年,mea82191.txt
福岡県,太宰府,多照年,max82191.txt
福岡県,太宰府,寡照年,min82191.txt
福岡県,添田,平均年,mea82206.txt
福岡県,添田,多照年,max82206.txt
福岡県,添田,寡照年,min82206.txt
福岡県,朝倉,平均年,mea82261.txt
福岡県,朝倉,多照年,max82261.txt
福岡県,朝倉,寡照年,min82261.txt
福岡県,久留米,平均年,mea82306.txt
福岡県,久留米,多照年,max82306.txt
福岡県,久留米,寡照年,min82306.txt
福岡県,黒木,平均年,mea82317.txt
福岡県,黒木,多照年,max82317.txt
福岡県,黒木,寡照年,min82317.txt
福岡県,大牟田,平均年,mea82361.txt
福岡県,大牟田,多照年,max82361.txt
福岡県,大牟田,寡照年,min82361.txt
大分県,国見,平均年,mea83021.txt
大分県,国見,多照年,max83021.txt
大分県,国見,寡照年,min83021.txt
大分県,中津,平均年,mea83046.txt
大分県,中津,多照年,max83046.txt
大分県,中津,寡照年,min83046.txt
大分県,豊後高田,平均年,mea83061.txt
大分県,豊後高田,多照年,max83061.txt
大分県,豊後高田,寡照年,min83061.txt
大分県,院内,平均年,mea83106.txt
大分県,院内,多照年,max83106.txt
大分県,院内,寡照年,min83106.txt
大分県,杵築,平均年,mea83121.txt
大分県,杵築,多照年,max83121.txt
大分県,杵築,寡照年,min83121.txt
大分県,日田,平均年,mea83137.txt
大分県,日田,多照年,max83137.txt
大分県,日田,寡照年,min83137.txt
大分県,玖珠,平均年,mea83191.txt
大分県,玖珠,多照年,max83191.txt
大分県,玖珠,寡照年,min83191.txt
大分県,湯布院,平均年,mea83201.txt
大分県,湯布院,多照年,max83201.txt
大分県,湯布院,寡照年,min83201.txt
大分県,大分,平均年,mea83216.txt
大分県,大分,多照年,max83216.txt
大分県,大分,寡照年,min83216.txt
大分県,犬飼,平均年,mea83341.txt
大分県,犬飼,多照年,max83341.txt
大分県,犬飼,寡照年,min83341.txt
大分県,竹田,平均年,mea83371.txt
大分県,竹田,多照年,max83371.txt
大分県,竹田,寡照年,min83371.txt
大分県,佐伯,平均年,mea83401.txt
大分県,佐伯,多照年,max83401.txt
大分県,佐伯,寡照年,min83401.txt
大分県,宇目,平均年,mea83431.txt
大分県,宇目,多照年,max83431.txt
大分県,宇目,寡照年,min83431.txt
大分県,蒲江,平均年,mea83476.txt
大分県,蒲江,多照年,max83476.txt
大分県,蒲江,寡照年,min83476.txt
長崎県,鰐浦,平均年,mea84012.txt
長崎県,鰐浦,多照年,max84012.txt
長崎県,鰐浦,寡照年,min84012.txt
長崎県,厳原,平均年,mea84072.txt
長崎県,厳原,多照年,max84072.txt
長崎県,厳原,寡照年,min84072.txt
長崎県,芦辺,平均年,mea84121.txt
長崎県,芦辺,多照年,max84121.txt
長崎県,芦辺,寡照年,min84121.txt
長崎県,平戸,平均年,mea84171.txt
長崎県,平戸,多照年,max84171.txt
長崎県,平戸,寡照年,min84171.txt
長崎県,松浦,平均年,mea84182.txt
長崎県,松浦,多照年,max84182.txt
長崎県,松浦,寡照年,min84182.txt
長崎県,佐世保,平均年,mea84266.txt
長崎県,佐世保,多照年,max84266.txt
長崎県,佐世保,寡照年,min84266.txt
長崎県,有川,平均年,mea84341.txt
長崎県,有川,多照年,max84341.txt
長崎県,有川,寡照年,min84341.txt
長崎県,大瀬戸,平均年,mea84356.txt
長崎県,大瀬戸,多照年,max84356.txt
長崎県,大瀬戸,寡照年,min84356.txt
長崎県,長崎,平均年,mea84496.txt
長崎県,長崎,多照年,max84496.txt
長崎県,長崎,寡照年,min84496.txt
長崎県,雲仙岳,平均年,mea84519.txt
長崎県,雲仙岳,多照年,max84519.txt
長崎県,雲仙岳,寡照年,min84519.txt
長崎県,島原,平均年,mea84523.txt
長崎県,島原,多照年,max84523.txt
長崎県,島原,寡照年,min84523.txt
長崎県,福江,平均年,mea84536.txt
長崎県,福江,多照年,max84536.txt
長崎県,福江,寡照年,min84536.txt
長崎県,口之津,平均年,mea84561.txt
長崎県,口之津,多照年,max84561.txt
長崎県,口之津,寡照年,min84561.txt
長崎県,野母崎,平均年,mea84596.txt
長崎県,野母崎,多照年,max84596.txt
長崎県,野母崎,寡照年,min84596.txt
佐賀県,枝去木,平均年,mea85031.txt
佐賀県,枝去木,多照年,max85031.txt
佐賀県,枝去木,寡照年,min85031.txt
佐賀県,伊万里,平均年,mea85116.txt
佐賀県,伊万里,多照年,max85116.txt
佐賀県,伊万里,寡照年,min85116.txt
佐賀県,佐賀,平均年,mea85142.txt
佐賀県,佐賀,多照年,max85142.txt
佐賀県,佐賀,寡照年,min85142.txt
佐賀県,嬉野,平均年,mea85161.txt
佐賀県,嬉野,多照年,max85161.txt
佐賀県,嬉野,寡照年,min85161.txt
佐賀県,白石,平均年,mea85166.txt
佐賀県,白石,多照年,max85166.txt
佐賀県,白石,寡照年,min85166.txt
熊本県,鹿北,平均年,mea86006.txt
熊本県,鹿北,多照年,max86006.txt
熊本県,鹿北,寡照年,min86006.txt
熊本県,南小国,平均年,mea86066.txt
熊本県,南小国,多照年,max86066.txt
熊本県,南小国,寡照年,min86066.txt
熊本県,岱明,平均年,mea86086.txt
熊本県,岱明,多照年,max86086.txt
熊本県,岱明,寡照年,min86086.txt
熊本県,菊池,平均年,mea86101.txt
熊本県,菊池,多照年,max86101.txt
熊本県,菊池,寡照年,min86101.txt
熊本県,阿蘇乙姫,平均年,mea86111.txt
熊本県,阿蘇乙姫,多照年,max86111.txt
熊本県,阿蘇乙姫,寡照年,min86111.txt
熊本県,熊本,平均年,mea86141.txt
熊本県,熊本,多照年,max86141.txt
熊本県,熊本,寡照年,min86141.txt
熊本県,阿蘇山,平均年,mea86156.txt
熊本県,阿蘇山,多照年,max86156.txt
熊本県,阿蘇山,寡照年,min86156.txt
熊本県,高森,平均年,mea86161.txt
熊本県,高森,多照年,max86161.txt
熊本県,高森,寡照年,min86161.txt
熊本県,三角,平均年,mea86216.txt
熊本県,三角,多照年,max86216.txt
熊本県,三角,寡照年,min86216.txt
熊本県,甲佐,平均年,mea86236.txt
熊本県,甲佐,多照年,max86236.txt
熊本県,甲佐,寡照年,min86236.txt
熊本県,松島,平均年,mea86271.txt
熊本県,松島,多照年,max86271.txt
熊本県,松島,寡照年,min86271.txt
熊本県,本渡,平均年,mea86316.txt
熊本県,本渡,多照年,max86316.txt
熊本県,本渡,寡照年,min86316.txt
熊本県,八代,平均年,mea86336.txt
熊本県,八代,多照年,max86336.txt
熊本県,八代,寡照年,min86336.txt
熊本県,水俣,平均年,mea86451.txt
熊本県,水俣,多照年,max86451.txt
熊本県,水俣,寡照年,min86451.txt
熊本県,人吉,平均年,mea86467.txt
熊本県,人吉,多照年,max86467.txt
熊本県,人吉,寡照年,min86467.txt
熊本県,上,平均年,mea86477.txt
熊本県,上,多照年,max86477.txt
熊本県,上,寡照年,min86477.txt
熊本県,牛深,平均年,mea86491.txt
熊本県,牛深,多照年,max86491.txt
熊本県,牛深,寡照年,min86491.txt
宮崎県,高千穂,平均年,mea87041.txt
宮崎県,高千穂,多照年,max87041.txt
宮崎県,高千穂,寡照年,min87041.txt
宮崎県,古江,平均年,mea87066.txt
宮崎県,古江,多照年,max87066.txt
宮崎県,古江,寡照年,min87066.txt
宮崎県,鞍岡,平均年,mea87071.txt
宮崎県,鞍岡,多照年,max87071.txt
宮崎県,鞍岡,寡照年,min87071.txt
宮崎県,延岡,平均年,mea87141.txt
宮崎県,延岡,多照年,max87141.txt
宮崎県,延岡,寡照年,min87141.txt
宮崎県,日向,平均年,mea87181.txt
宮崎県,日向,多照年,max87181.txt
宮崎県,日向,寡照年,min87181.txt
宮崎県,神門,平均年,mea87206.txt
宮崎県,神門,多照年,max87206.txt
宮崎県,神門,寡照年,min87206.txt
宮崎県,西米良,平均年,mea87231.txt
宮崎県,西米良,多照年,max87231.txt
宮崎県,西米良,寡照年,min87231.txt
宮崎県,高鍋,平均年,mea87292.txt
宮崎県,高鍋,多照年,max87292.txt
宮崎県,高鍋,寡照年,min87292.txt
宮崎県,加久藤,平均年,mea87301.txt
宮崎県,加久藤,多照年,max87301.txt
宮崎県,加久藤,寡照年,min87301.txt
宮崎県,西都,平均年,mea87331.txt
宮崎県,西都,多照年,max87331.txt
宮崎県,西都,寡照年,min87331.txt
宮崎県,小林,平均年,mea87352.txt
宮崎県,小林,多照年,max87352.txt
宮崎県,小林,寡照年,min87352.txt
宮崎県,宮崎,平均年,mea87376.txt
宮崎県,宮崎,多照年,max87376.txt
宮崎県,宮崎,寡照年,min87376.txt
宮崎県,青島,平均年,mea87411.txt
宮崎県,青島,多照年,max87411.txt
宮崎県,青島,寡照年,min87411.txt
宮崎県,都城,平均年,mea87426.txt
宮崎県,都城,多照年,max87426.txt
宮崎県,都城,寡照年,min87426.txt
宮崎県,油津,平均年,mea87492.txt
宮崎県,油津,多照年,max87492.txt
宮崎県,油津,寡照年,min87492.txt
宮崎県,串間,平均年,mea87501.txt
宮崎県,串間,多照年,max87501.txt
宮崎県,串間,寡照年,min87501.txt
鹿児島県,阿久根,平均年,mea88061.txt
鹿児島県,阿久根,多照年,max88061.txt
鹿児島県,阿久根,寡照年,min88061.txt
鹿児島県,大口,平均年,mea88081.txt
鹿児島県,大口,多照年,max88081.txt
鹿児島県,大口,寡照年,min88081.txt
鹿児島県,さつま柏原,平均年,mea88107.txt
鹿児島県,さつま柏原,多照年,max88107.txt
鹿児島県,さつま柏原,寡照年,min88107.txt
鹿児島県,中甑,平均年,mea88131.txt
鹿児島県,中甑,多照年,max88131.txt
鹿児島県,中甑,寡照年,min88131.txt
鹿児島県,川内,平均年,mea88151.txt
鹿児島県,川内,多照年,max88151.txt
鹿児島県,川内,寡照年,min88151.txt
鹿児島県,東市来,平均年,mea88261.txt
鹿児島県,東市来,多照年,max88261.txt
鹿児島県,東市来,寡照年,min88261.txt
鹿児島県,牧之原,平均年,mea88286.txt
鹿児島県,牧之原,多照年,max88286.txt
鹿児島県,牧之原,寡照年,min88286.txt
鹿児島県,鹿児島,平均年,mea88317.txt
鹿児島県,鹿児島,多照年,max88317.txt
鹿児島県,鹿児島,寡照年,min88317.txt
鹿児島県,輝北,平均年,mea88331.txt
鹿児島県,輝北,多照年,max88331.txt
鹿児島県,輝北,寡照年,min88331.txt
鹿児島県,加世田,平均年,mea88371.txt
鹿児島県,加世田,多照年,max88371.txt
鹿児島県,加世田,寡照年,min88371.txt
鹿児島県,志布志,平均年,mea88406.txt
鹿児島県,志布志,多照年,max88406.txt
鹿児島県,志布志,寡照年,min88406.txt
鹿児島県,喜入,平均年,mea88432.txt
鹿児島県,喜入,多照年,max88432.txt
鹿児島県,喜入,寡照年,min88432.txt
鹿児島県,鹿屋,平均年,mea88442.txt
鹿児島県,鹿屋,多照年,max88442.txt
鹿児島県,鹿屋,寡照年,min88442.txt
鹿児島県,肝付前田,平均年,mea88447.txt
鹿児島県,肝付前田,多照年,max88447.txt
鹿児島県,肝付前田,寡照年,min88447.txt
鹿児島県,枕崎,平均年,mea88466.txt
鹿児島県,枕崎,多照年,max88466.txt
鹿児島県,枕崎,寡照年,min88466.txt
鹿児島県,指宿,平均年,mea88486.txt
鹿児島県,指宿,多照年,max88486.txt
鹿児島県,指宿,寡照年,min88486.txt
鹿児島県,内之浦,平均年,mea88506.txt
鹿児島県,内之浦,多照年,max88506.txt
鹿児島県,内之浦,寡照年,min88506.txt
鹿児島県,田代,平均年,mea88536.txt
鹿児島県,田代,多照年,max88536.txt
鹿児島県,田代,寡照年,min88536.txt
鹿児島県(奄美),種子島,平均年,mea88612.txt
鹿児島県(奄美),種子島,多照年,max88612.txt
鹿児島県(奄美),種子島,寡照年,min88612.txt
鹿児島県(奄美),上中,平均年,mea88666.txt
鹿児島県(奄美),上中,多照年,max88666.txt
鹿児島県(奄美),上中,寡照年,min88666.txt
鹿児島県(奄美),屋久島,平均年,mea88686.txt
鹿児島県(奄美),屋久島,多照年,max88686.txt
鹿児島県(奄美),屋久島,寡照年,min88686.txt
鹿児島県(奄美),尾之間,平均年,mea88706.txt
鹿児島県(奄美),尾之間,多照年,max88706.txt
鹿児島県(奄美),尾之間,寡照年,min88706.txt
鹿児島県(奄美),名瀬,平均年,mea88836.txt
鹿児島県(奄美),名瀬,多照年,max88836.txt
鹿児島県(奄美),名瀬,寡照年,min88836.txt
鹿児島県(奄美),古仁屋,平均年,mea88901.txt
鹿児島県(奄美),古仁屋,多照年,max88901.txt
鹿児島県(奄美),古仁屋,寡照年,min88901.txt
鹿児島県(奄美),伊仙,平均年,mea88956.txt
鹿児島県(奄美),伊仙,多照年,max88956.txt
鹿児島県(奄美),伊仙,寡照年,min88956.txt
鹿児島県(奄美),沖永良部,平均年,mea88971.txt
鹿児島県(奄美),沖永良部,多照年,max88971.txt
鹿児島県(奄美),沖永良部,寡照年,min88971.txt
沖縄県,伊是名,平均年,mea91011.txt
沖縄県,伊是名,多照年,max91011.txt
沖縄県,伊是名,寡照年,min91011.txt
沖縄県,奥,平均年,mea91021.txt
沖縄県,奥,多照年,max91021.txt
沖縄県,奥,寡照年,min91021.txt
沖縄県,名護,平均年,mea91107.txt
沖縄県,名護,多照年,max91107.txt
沖縄県,名護,寡照年,min91107.txt
沖縄県,久米島,平均年,mea91146.txt
沖縄県,久米島,多照年,max91146.txt
沖縄県,久米島,寡照年,min91146.txt
沖縄県,宮城島,平均年,mea91166.txt
沖縄県,宮城島,多照年,max91166.txt
沖縄県,宮城島,寡照年,min91166.txt
沖縄県,渡嘉敷,平均年,mea91181.txt
沖縄県,渡嘉敷,多照年,max91181.txt
沖縄県,渡嘉敷,寡照年,min91181.txt
沖縄県,那覇,平均年,mea91197.txt
沖縄県,那覇,多照年,max91197.txt
沖縄県,那覇,寡照年,min91197.txt
沖縄県,糸数,平均年,mea91241.txt
沖縄県,糸数,多照年,max91241.txt
沖縄県,糸数,寡照年,min91241.txt
沖縄県(南北大東村),南大東,平均年,mea92011.txt
沖縄県(南北大東村),南大東,多照年,max92011.txt
沖縄県(南北大東村),南大東,寡照年,min92011.txt
沖縄県(宮古),伊良部,平均年,mea93011.txt
沖縄県(宮古),伊良部,多照年,max93011.txt
沖縄県(宮古),伊良部,寡照年,min93011.txt
沖縄県(宮古),宮古島,平均年,mea93041.txt
沖縄県(宮古),宮古島,多照年,max93041.txt
沖縄県(宮古),宮古島,寡照年,min93041.txt
沖縄県(宮古),多良間,平均年,mea93061.txt
沖縄県(宮古),多良間,多照年,max93061.txt
沖縄県(宮古),多良間,寡照年,min93061.txt
沖縄県(八重山),伊原間,平均年,mea94001.txt
沖縄県(八重山),伊原間,多照年,max94001.txt
沖縄県(八重山),伊原間,寡照年,min94001.txt
沖縄県(八重山),与那国島,平均年,mea94017.txt
沖縄県(八重山),与那国島,多照年,max94017.txt
沖縄県(八重山),与那国島,寡照年,min94017.txt
沖縄県(八重山),西表島,平均年,mea94062.txt
沖縄県(八重山),西表島,多照年,max94062.txt
沖縄県(八重山),西表島,寡照年,min94062.txt
沖縄県(八重山),石垣島,平均年,mea94081.txt
沖縄県(八重山),石垣島,多照年,max94081.txt
沖縄県(八重山),石垣島,寡照年,min94081.txt
沖縄県(八重山),大原,平均年,mea94101.txt
沖縄県(八重山),大原,多照年,max94101.txt
沖縄県(八重山),大原,寡照年,min94101.txt
沖縄県(八重山),波照間,平均年,mea94116.txt
沖縄県(八重山),波照間,多照年,max94116.txt
沖縄県(八重山),波照間,寡照年,min94116.txt
